{
  "type": "FeatureCollection",
  "features": [
    {
      "type": "Feature",
      "id": 30,
      "geometry": {
        "type": "Polygon",
        "coordinates": [
          [
            [
              -73.91539585200002,
              11.281790289637522
            ],
            [
              -73.91478511000003,
              11.281911940637487
            ],
            [
              -73.914523368,
              11.281954851637526
            ],
            [
              -73.91386304100001,
              11.282467308637521
            ],
            [
              -73.91339766599998,
              11.282639267637512
            ],
            [
              -73.91296142499999,
              11.282717957637463
            ],
            [
              -73.91255428699998,
              11.282753610637458
            ],
            [
              -73.91199451300002,
              11.282731771637467
            ],
            [
              -73.91165290800001,
              11.282588067637484
            ],
            [
              -73.91138398599998,
              11.282473106637484
            ],
            [
              -73.91101328500002,
              11.282358088637508
            ],
            [
              -73.91065714500002,
              11.282207199637515
            ],
            [
              -73.91043363799997,
              11.28213047963748
            ],
            [
              -73.91005598599997,
              11.282095318637513
            ],
            [
              -73.90974097600002,
              11.282059262637507
            ],
            [
              -73.90926848599997,
              11.281963319637498
            ],
            [
              -73.90883236000002,
              11.281843477637494
            ],
            [
              -73.908632453,
              11.281816654637508
            ],
            [
              -73.90838190400001,
              11.281723309637533
            ],
            [
              -73.908315835,
              11.281698694637504
            ],
            [
              -73.90831853700001,
              11.281796736637489
            ],
            [
              -73.90831849599999,
              11.281867174637513
            ],
            [
              -73.90832200699998,
              11.281965789637525
            ],
            [
              -73.90834336199998,
              11.282057371637505
            ],
            [
              -73.90837185700002,
              11.28214191363752
            ],
            [
              -73.90840032699998,
              11.282272239637498
            ],
            [
              -73.90840024200003,
              11.282416638637512
            ],
            [
              -73.90840018099999,
              11.282522294637475
            ],
            [
              -73.908400127,
              11.28261386463746
            ],
            [
              -73.90836792200002,
              11.282768810637469
            ],
            [
              -73.90832862899998,
              11.28284274763749
            ],
            [
              -73.90827505499999,
              11.282930764637483
            ],
            [
              -73.90821433600001,
              11.283032864637468
            ],
            [
              -73.908160759,
              11.283124404637498
            ],
            [
              -73.908096489,
              11.28319832663745
            ],
            [
              -73.90800620300001,
              11.283310105637456
            ],
            [
              -73.90788496900001,
              11.283400407637446
            ],
            [
              -73.90746196600003,
              11.283619470637463
            ],
            [
              -73.90673779600002,
              11.28407181463745
            ],
            [
              -73.906078202,
              11.284403929637431
            ],
            [
              -73.90548315799998,
              11.284658262637405
            ],
            [
              -73.90478785200003,
              11.284778122637452
            ],
            [
              -73.90396356500003,
              11.284841310637406
            ],
            [
              -73.90368399900001,
              11.284904816637399
            ],
            [
              -73.90281659200002,
              11.285158984637416
            ],
            [
              -73.90230174300001,
              11.285336501637415
            ],
            [
              -73.901832947,
              11.285459266637421
            ],
            [
              -73.90165390700002,
              11.285522361637398
            ],
            [
              -73.90162805,
              11.285531474637423
            ],
            [
              -73.90162567499999,
              11.285532311637388
            ],
            [
              -73.901393961,
              11.285613969637378
            ],
            [
              -73.90097637500003,
              11.285786294637369
            ],
            [
              -73.900675197,
              11.285866264637372
            ],
            [
              -73.900545179,
              11.285952717637358
            ],
            [
              -73.90029889499999,
              11.28605658863738
            ],
            [
              -73.900258984,
              11.286078184637391
            ],
            [
              -73.90011262899998,
              11.286173188637388
            ],
            [
              -73.90003408899997,
              11.28623653563737
            ],
            [
              -73.89994126300002,
              11.286321005637355
            ],
            [
              -73.89974851199997,
              11.286430069637367
            ],
            [
              -73.89965570800001,
              11.286479319637381
            ],
            [
              -73.899566435,
              11.286588445637362
            ],
            [
              -73.89956551199998,
              11.286591274637342
            ],
            [
              -73.899547375,
              11.286600211637358
            ],
            [
              -73.89946116099998,
              11.286932654637344
            ],
            [
              -73.89948228399999,
              11.287124855637341
            ],
            [
              -73.89953461099998,
              11.28723086563736
            ],
            [
              -73.89953455099999,
              11.287327730637347
            ],
            [
              -73.89956723,
              11.287384255637336
            ],
            [
              -73.899657123,
              11.287497319637335
            ],
            [
              -73.89971431200001,
              11.287594219637352
            ],
            [
              -73.899845056,
              11.287771885637303
            ],
            [
              -73.89991040400002,
              11.28790107963731
            ],
            [
              -73.89993485500003,
              11.288038320637307
            ],
            [
              -73.90000837500003,
              11.288175591637334
            ],
            [
              -73.90009008099997,
              11.288304794637302
            ],
            [
              -73.90016355199998,
              11.288522787637326
            ],
            [
              -73.90023706300002,
              11.28867620263732
            ],
            [
              -73.90027788600003,
              11.288789237637296
            ],
            [
              -73.900335106,
              11.288837704637297
            ],
            [
              -73.90042727999997,
              11.289025298637295
            ],
            [
              -73.90040097000002,
              11.289176230637288
            ],
            [
              -73.90037102500003,
              11.289288271637314
            ],
            [
              -73.90030519999999,
              11.289441576637268
            ],
            [
              -73.900251341,
              11.289571296637282
            ],
            [
              -73.90025124700003,
              11.289724640637292
            ],
            [
              -73.900251142,
              11.289895677637261
            ],
            [
              -73.900310806,
              11.290043158637252
            ],
            [
              -73.900406331,
              11.290178866637268
            ],
            [
              -73.90046600599999,
              11.290308654637245
            ],
            [
              -73.90044802199998,
              11.290403009637231
            ],
            [
              -73.90039418499998,
              11.290497342637272
            ],
            [
              -73.900388137,
              11.290615295637242
            ],
            [
              -73.90038808700001,
              11.290697865637263
            ],
            [
              -73.90045375900002,
              11.290792269637235
            ],
            [
              -73.90050146200002,
              11.290957437637259
            ],
            [
              -73.90050136399998,
              11.291116679637245
            ],
            [
              -73.90050130600002,
              11.291211045637223
            ],
            [
              -73.90044748000003,
              11.291287684637204
            ],
            [
              -73.90039964699997,
              11.29133483863722
            ],
            [
              -73.900375683,
              11.291435087637234
            ],
            [
              -73.90037560799999,
              11.291558942637199
            ],
            [
              -73.90042931099998,
              11.291682828637235
            ],
            [
              -73.90044119700002,
              11.291788997637223
            ],
            [
              -73.90044109600001,
              11.291954136637205
            ],
            [
              -73.90046494,
              11.292048516637218
            ],
            [
              -73.900507855,
              11.29213760563718
            ],
            [
              -73.900382057,
              11.292292615637189
            ],
            [
              -73.90023172600002,
              11.292376274637169
            ],
            [
              -73.90018879299998,
              11.29237019463718
            ],
            [
              -73.900078382,
              11.292370128637199
            ],
            [
              -73.89998635199998,
              11.292406397637217
            ],
            [
              -73.89986974099997,
              11.2925153026372
            ],
            [
              -73.89975923100002,
              11.29267869763716
            ],
            [
              -73.899660977,
              11.292860261637156
            ],
            [
              -73.89958726999998,
              11.29302367963715
            ],
            [
              -73.89950746900001,
              11.293120496637181
            ],
            [
              -73.89934176100002,
              11.29327175063718
            ],
            [
              -73.89917607400002,
              11.293386678637138
            ],
            [
              -73.89899198299997,
              11.29350765063718
            ],
            [
              -73.898844709,
              11.293604427637131
            ],
            [
              -73.89877104200002,
              11.293701248637129
            ],
            [
              -73.89866365500001,
              11.293772824637163
            ],
            [
              -73.89841817799999,
              11.293966408637148
            ],
            [
              -73.89821365400002,
              11.294063150637124
            ],
            [
              -73.89795186600003,
              11.294184073637123
            ],
            [
              -73.89778004499999,
              11.294296980637133
            ],
            [
              -73.89746915400002,
              11.294466307637114
            ],
            [
              -73.897027375,
              11.29468398663711
            ],
            [
              -73.89680882699997,
              11.294773268637133
            ],
            [
              -73.89669196900002,
              11.294821008637093
            ],
            [
              -73.896487449,
              11.294909677637124
            ],
            [
              -73.89619158300002,
              11.295026542637116
            ],
            [
              -73.89575527800002,
              11.295209244637132
            ],
            [
              -73.89537349400001,
              11.295391978637081
            ],
            [
              -73.89495903800002,
              11.295510115637102
            ],
            [
              -73.89361198900002,
              11.295991818637074
            ],
            [
              -73.89324838599998,
              11.296163798637073
            ],
            [
              -73.89310283200001,
              11.29640766563706
            ],
            [
              -73.89307366100002,
              11.296551153637045
            ],
            [
              -73.89317533000002,
              11.296723421637074
            ],
            [
              -73.89334967899998,
              11.29692443763707
            ],
            [
              -73.893342614,
              11.307992862636695
            ],
            [
              -73.89379008499998,
              11.308228011636684
            ],
            [
              -73.89433590099998,
              11.308472495636684
            ],
            [
              -73.89489674999999,
              11.30868122363669
            ],
            [
              -73.89547023099999,
              11.308853300636686
            ],
            [
              -73.89605388899997,
              11.308987990636666
            ],
            [
              -73.89664522300001,
              11.309084716636704
            ],
            [
              -73.896969684,
              11.309121280636667
            ],
            [
              -73.89715621900001,
              11.309200071636694
            ],
            [
              -73.89771707199998,
              11.309408793636651
            ],
            [
              -73.898290557,
              11.309580865636647
            ],
            [
              -73.89860157200002,
              11.309657582636657
            ],
            [
              -73.898843586,
              11.309712855636642
            ],
            [
              -73.89911623,
              11.309770823636661
            ],
            [
              -73.89970756700001,
              11.309867543636646
            ],
            [
              -73.90030404800001,
              11.309925885636634
            ],
            [
              -73.90090311699998,
              11.309945599636642
            ],
            [
              -73.90150221099998,
              11.30992660063663
            ],
            [
              -73.90209876199998,
              11.30986897063667
            ],
            [
              -73.90227537099997,
              11.309844401636669
            ],
            [
              -73.902281356,
              11.30984350963667
            ],
            [
              -73.902684421,
              11.309960197636657
            ],
            [
              -73.90326808399999,
              11.310094873636665
            ],
            [
              -73.90385942299997,
              11.310191585636618
            ],
            [
              -73.90400094199998,
              11.310208952636618
            ],
            [
              -73.90430496200003,
              11.310280259636656
            ],
            [
              -73.90475727199998,
              11.31055592663663
            ],
            [
              -73.90528573199998,
              11.31083509963665
            ],
            [
              -73.90572866899998,
              11.311036702636642
            ],
            [
              -73.905924121,
              11.311119506636622
            ],
            [
              -73.906027015,
              11.311162367636618
            ],
            [
              -73.90658787799998,
              11.311371072636593
            ],
            [
              -73.90716137200002,
              11.311543127636584
            ],
            [
              -73.907345996,
              11.311590037636625
            ],
            [
              -73.90752225099999,
              11.311678469636611
            ],
            [
              -73.90767975699998,
              11.311770421636599
            ],
            [
              -73.90798220699998,
              11.311935555636577
            ],
            [
              -73.908390032,
              11.312221034636579
            ],
            [
              -73.908898867,
              11.312533715636603
            ],
            [
              -73.90941214100002,
              11.312805457636586
            ],
            [
              -73.90988536100002,
              11.31309473763658
            ],
            [
              -73.91041383100003,
              11.313373901636579
            ],
            [
              -73.910959671,
              11.313618355636546
            ],
            [
              -73.91113904999997,
              11.313689622636556
            ],
            [
              -73.91116043099998,
              11.313701859636527
            ],
            [
              -73.911370202,
              11.313817944636519
            ],
            [
              -73.91169593900003,
              11.313992697636522
            ],
            [
              -73.91201464199997,
              11.314155773636553
            ],
            [
              -73.91256048399998,
              11.314400223636522
            ],
            [
              -73.912689828,
              11.314452046636495
            ],
            [
              -73.912807773,
              11.314520504636532
            ],
            [
              -73.913336249,
              11.314799662636482
            ],
            [
              -73.91336787300003,
              11.3148150016365
            ],
            [
              -73.91366912500001,
              11.314960406636503
            ],
            [
              -73.913772741,
              11.315013503636488
            ],
            [
              -73.914024616,
              11.315166929636474
            ],
            [
              -73.91416823700001,
              11.315261539636483
            ],
            [
              -73.914669118,
              11.315568955636477
            ],
            [
              -73.91519759800002,
              11.315848111636504
            ],
            [
              -73.91574344600002,
              11.31609255663646
            ],
            [
              -73.91598785600002,
              11.316188589636496
            ],
            [
              -73.91618332000002,
              11.316262199636444
            ],
            [
              -73.91649978999999,
              11.316374853636464
            ],
            [
              -73.91707330000003,
              11.316546888636445
            ],
            [
              -73.91765698400002,
              11.316681536636473
            ],
            [
              -73.91824834099998,
              11.316778220636444
            ],
            [
              -73.91884484100001,
              11.31683652463643
            ],
            [
              -73.919901364,
              11.316845166636446
            ],
            [
              -73.92008756400003,
              11.316836077636443
            ],
            [
              -73.92022923399998,
              11.316828076636474
            ],
            [
              -73.92028276600001,
              11.316824486636468
            ],
            [
              -73.92054345000003,
              11.316806249636459
            ],
            [
              -73.92104598499998,
              11.316757319636467
            ],
            [
              -73.92131839299998,
              11.316833985636448
            ],
            [
              -73.921902079,
              11.31696862563645
            ],
            [
              -73.922493439,
              11.317065300636445
            ],
            [
              -73.92308993900002,
              11.317123596636415
            ],
            [
              -73.92311764599998,
              11.317125361636455
            ],
            [
              -73.92341554900003,
              11.317143892636418
            ],
            [
              -73.923725322,
              11.317157971636455
            ],
            [
              -73.92405115899999,
              11.317167328636408
            ],
            [
              -73.92428765,
              11.317171104636438
            ],
            [
              -73.92433655399998,
              11.317189447636451
            ],
            [
              -73.92438759200002,
              11.31721878163643
            ],
            [
              -73.92447677299998,
              11.317269001636427
            ],
            [
              -73.92462568600001,
              11.317351769636453
            ],
            [
              -73.92463137099998,
              11.317354926636428
            ],
            [
              -73.92485294,
              11.317485470636425
            ],
            [
              -73.92538143299998,
              11.317764608636411
            ],
            [
              -73.925549332,
              11.317844344636438
            ],
            [
              -73.92570906899999,
              11.31796824463639
            ],
            [
              -73.92619612499999,
              11.318313071636426
            ],
            [
              -73.92622003700001,
              11.318328803636378
            ],
            [
              -73.92656838300002,
              11.318570523636389
            ],
            [
              -73.92657635,
              11.318575776636369
            ],
            [
              -73.926743869,
              11.318686117636403
            ],
            [
              -73.92710355700001,
              11.318911283636401
            ],
            [
              -73.92736561499999,
              11.319117578636396
            ],
            [
              -73.927852675,
              11.31946240363635
            ],
            [
              -73.92791560299997,
              11.319503576636341
            ],
            [
              -73.92830554800003,
              11.319816335636329
            ],
            [
              -73.92879260900003,
              11.320161158636347
            ],
            [
              -73.92930148099998,
              11.320473804636345
            ],
            [
              -73.92982998399998,
              11.320752933636314
            ],
            [
              -73.93037585500002,
              11.32099735163633
            ],
            [
              -73.93043361100001,
              11.321020767636302
            ],
            [
              -73.93073146699999,
              11.321140358636345
            ],
            [
              -73.93123461200003,
              11.321325601636316
            ],
            [
              -73.93180814099998,
              11.321497609636296
            ],
            [
              -73.93239184200002,
              11.321632228636291
            ],
            [
              -73.93278600100001,
              11.321701003636274
            ],
            [
              -73.93302804000001,
              11.321737873636298
            ],
            [
              -73.93322525500002,
              11.321765751636276
            ],
            [
              -73.93382176799997,
              11.321824026636287
            ],
            [
              -73.93442086599998,
              11.321843672636282
            ],
            [
              -73.93487705199999,
              11.321843893636277
            ],
            [
              -73.93547616900003,
              11.321824825636307
            ],
            [
              -73.936072739,
              11.321767127636278
            ],
            [
              -73.936263285,
              11.321740450636284
            ],
            [
              -73.93664638400003,
              11.32170142863627
            ],
            [
              -73.936795351,
              11.321683123636303
            ],
            [
              -73.93685481799997,
              11.321675621636285
            ],
            [
              -73.93732281799998,
              11.3215995956363
            ],
            [
              -73.93785305199998,
              11.321651387636319
            ],
            [
              -73.93804423,
              11.321657582636286
            ],
            [
              -73.93837220799998,
              11.321779583636307
            ],
            [
              -73.93845780800001,
              11.32180784163629
            ],
            [
              -73.93893738399998,
              11.322059237636301
            ],
            [
              -73.939380363,
              11.3222607906363
            ],
            [
              -73.93952790100002,
              11.322323273636263
            ],
            [
              -73.93964900399999,
              11.322379955636293
            ],
            [
              -73.940001107,
              11.322535876636282
            ],
            [
              -73.94000430199998,
              11.322537211636261
            ],
            [
              -73.94038601,
              11.322803328636276
            ],
            [
              -73.940894899,
              11.323115954636242
            ],
            [
              -73.94142341899999,
              11.32339506363626
            ],
            [
              -73.941969304,
              11.323639460636269
            ],
            [
              -73.94253021899999,
              11.323848097636214
            ],
            [
              -73.94310375999999,
              11.324020083636208
            ],
            [
              -73.94368747200002,
              11.324154680636203
            ],
            [
              -73.944278854,
              11.324251311636226
            ],
            [
              -73.94487537399999,
              11.324309564636241
            ],
            [
              -73.944966362,
              11.324315042636233
            ],
            [
              -73.945228112,
              11.324329510636195
            ],
            [
              -73.94541212600001,
              11.324337851636205
            ],
            [
              -73.945596491,
              11.324430248636201
            ],
            [
              -73.94577303599999,
              11.324513962636223
            ],
            [
              -73.945874565,
              11.324676947636197
            ],
            [
              -73.94605937,
              11.32496154863622
            ],
            [
              -73.94640830899999,
              11.325442561636162
            ],
            [
              -73.94665221899999,
              11.325736136636156
            ],
            [
              -73.94670648099998,
              11.325862053636204
            ],
            [
              -73.94678531400001,
              11.32604009763619
            ],
            [
              -73.94696179800002,
              11.32641506963615
            ],
            [
              -73.947244135,
              11.326936914636116
            ],
            [
              -73.947560453,
              11.327439418636098
            ],
            [
              -73.94790939699999,
              11.327920428636126
            ],
            [
              -73.94828947399998,
              11.328377886636085
            ],
            [
              -73.94869905500002,
              11.328809832636063
            ],
            [
              -73.94913638600002,
              11.329214416636072
            ],
            [
              -73.94959959599998,
              11.32958990763606
            ],
            [
              -73.95008669999999,
              11.32993469563606
            ],
            [
              -73.95059561300002,
              11.33024730463604
            ],
            [
              -73.95107904999998,
              11.330504268636052
            ],
            [
              -73.95138910999998,
              11.330657427636023
            ],
            [
              -73.951524215,
              11.331229813635991
            ],
            [
              -73.95169797800003,
              11.331795986636015
            ],
            [
              -73.951908893,
              11.332349732635977
            ],
            [
              -73.95215605599998,
              11.332888678635967
            ],
            [
              -73.95243840799998,
              11.333410518635917
            ],
            [
              -73.95275474200002,
              11.333913016635911
            ],
            [
              -73.95310370300001,
              11.33439402063589
            ],
            [
              -73.953483796,
              11.334851471635924
            ],
            [
              -73.95389339399998,
              11.335283410635858
            ],
            [
              -73.95433074300001,
              11.335687987635895
            ],
            [
              -73.95479397000003,
              11.33606346963586
            ],
            [
              -73.95528109100002,
              11.336408248635838
            ],
            [
              -73.95579002099998,
              11.336720849635848
            ],
            [
              -73.95631858000002,
              11.336999931635859
            ],
            [
              -73.95653134600002,
              11.337100243635833
            ],
            [
              -73.95672672299997,
              11.337189328635837
            ],
            [
              -73.95705988100002,
              11.337333385635835
            ],
            [
              -73.95762083400001,
              11.337541994635801
            ],
            [
              -73.95819441100002,
              11.337713951635811
            ],
            [
              -73.95877815799997,
              11.337848518635784
            ],
            [
              -73.959369574,
              11.337945119635778
            ],
            [
              -73.95996612599998,
              11.338003342635831
            ],
            [
              -73.96056526000001,
              11.338022935635815
            ],
            [
              -73.960638502,
              11.3380229646358
            ],
            [
              -73.96091729599999,
              11.338220282635788
            ],
            [
              -73.96142623600002,
              11.338532873635794
            ],
            [
              -73.96195480300003,
              11.338811945635797
            ],
            [
              -73.96203129100002,
              11.33884877063579
            ],
            [
              -73.96213460299998,
              11.338917961635756
            ],
            [
              -73.96264354499999,
              11.339230550635776
            ],
            [
              -73.96317211500002,
              11.339509620635749
            ],
            [
              -73.963718051,
              11.33975397763573
            ],
            [
              -73.96427901300001,
              11.339962574635758
            ],
            [
              -73.96432675,
              11.33997844163576
            ],
            [
              -73.96446201999998,
              11.340022995635762
            ],
            [
              -73.96498787000002,
              11.340179071635742
            ],
            [
              -73.965571625,
              11.340313625635742
            ],
            [
              -73.965582547,
              11.340315409635753
            ],
            [
              -73.96566790700001,
              11.340590647635715
            ],
            [
              -73.96586309999998,
              11.341169249635707
            ],
            [
              -73.965879142,
              11.341216370635674
            ],
            [
              -73.96609009000002,
              11.341770105635703
            ],
            [
              -73.96633728799998,
              11.342309040635698
            ],
            [
              -73.966619676,
              11.34283086663563
            ],
            [
              -73.96693604500001,
              11.343333349635664
            ],
            [
              -73.96728503999998,
              11.343814337635646
            ],
            [
              -73.967665168,
              11.344271770635633
            ],
            [
              -73.968074801,
              11.34470368963561
            ],
            [
              -73.96851218400002,
              11.34510824563558
            ],
            [
              -73.968875776,
              11.345407092635583
            ],
            [
              -73.96916130599999,
              11.345629708635553
            ],
            [
              -73.969260975,
              11.345706320635593
            ],
            [
              -73.96974813000003,
              11.346051076635584
            ],
            [
              -73.97025709299999,
              11.34636365163553
            ],
            [
              -73.97058675900001,
              11.346542822635538
            ],
            [
              -73.970902378,
              11.346706110635543
            ],
            [
              -73.97110130300001,
              11.34680599763551
            ],
            [
              -73.97164725900001,
              11.347050339635535
            ],
            [
              -73.97220824099998,
              11.3472589216355
            ],
            [
              -73.97277901199999,
              11.34743009863552
            ],
            [
              -73.97339528200001,
              11.347593490635507
            ],
            [
              -73.97339811799998,
              11.347594242635518
            ],
            [
              -73.97398189199998,
              11.34772877963552
            ],
            [
              -73.97457333300002,
              11.34782535063549
            ],
            [
              -73.97467759,
              11.347838332635533
            ],
            [
              -73.97505338600001,
              11.347882965635494
            ],
            [
              -73.97508495199997,
              11.34788586463553
            ],
            [
              -73.97519146600001,
              11.347898317635478
            ],
            [
              -73.97522466499998,
              11.347911976635528
            ],
            [
              -73.97556337700001,
              11.348042846635487
            ],
            [
              -73.97584895699998,
              11.34814678363549
            ],
            [
              -73.97607123099999,
              11.348224488635507
            ],
            [
              -73.97609076200001,
              11.348231013635512
            ],
            [
              -73.97659729999998,
              11.348417511635516
            ],
            [
              -73.97717091099997,
              11.348589431635462
            ],
            [
              -73.977754689,
              11.348723960635493
            ],
            [
              -73.97834613399999,
              11.348820524635485
            ],
            [
              -73.97894271299998,
              11.348878708635489
            ],
            [
              -73.97954187099998,
              11.348898263635483
            ],
            [
              -73.979662131,
              11.348898303635458
            ],
            [
              -73.98026130199997,
              11.348879146635461
            ],
            [
              -73.98085792,
              11.34882135863547
            ],
            [
              -73.98144943099999,
              11.348725186635491
            ],
            [
              -73.982033301,
              11.348591044635459
            ],
            [
              -73.98260702900001,
              11.348419505635514
            ],
            [
              -73.98304486500001,
              11.34826062163549
            ],
            [
              -73.98313904899999,
              11.348250814635465
            ],
            [
              -73.98358582200001,
              11.348261714635466
            ],
            [
              -73.984184992,
              11.348242548635508
            ],
            [
              -73.98478160799999,
              11.348184752635493
            ],
            [
              -73.985373116,
              11.348088573635472
            ],
            [
              -73.985956983,
              11.347954423635523
            ],
            [
              -73.98627429300001,
              11.34786455163548
            ],
            [
              -73.98653655099997,
              11.347797851635493
            ],
            [
              -73.98661846700003,
              11.347776619635493
            ],
            [
              -73.98666464600001,
              11.347764296635532
            ],
            [
              -73.98687441300001,
              11.3479280936355
            ],
            [
              -73.98736159399999,
              11.348272820635517
            ],
            [
              -73.98787057999999,
              11.348585365635492
            ],
            [
              -73.98802558300002,
              11.348671766635459
            ],
            [
              -73.98835248500001,
              11.348849874635457
            ],
            [
              -73.98872609400001,
              11.349042497635482
            ],
            [
              -73.98927206899998,
              11.349286807635442
            ],
            [
              -73.98983306899999,
              11.349495356635478
            ],
            [
              -73.990110421,
              11.349583523635472
            ],
            [
              -73.99036970899999,
              11.349661478635468
            ],
            [
              -73.99066597799998,
              11.349745205635468
            ],
            [
              -73.99089907500002,
              11.349803686635463
            ],
            [
              -73.99118091600002,
              11.34987052263544
            ],
            [
              -73.99153160499998,
              11.349946544635461
            ],
            [
              -73.992123058,
              11.350043080635459
            ],
            [
              -73.992719642,
              11.350101236635425
            ],
            [
              -73.99356941500002,
              11.350117452635436
            ],
            [
              -73.99386456000002,
              11.350209891635439
            ],
            [
              -73.994262348,
              11.350324770635401
            ],
            [
              -73.99484613800001,
              11.350459266635443
            ],
            [
              -73.99543759300002,
              11.350555796635447
            ],
            [
              -73.995839724,
              11.350599261635427
            ],
            [
              -73.99609902999998,
              11.350621584635418
            ],
            [
              -73.99629348500002,
              11.350636268635421
            ],
            [
              -73.99689264800003,
              11.350655788635384
            ],
            [
              -73.997208333,
              11.350655874635386
            ],
            [
              -73.997689332,
              11.350643536635415
            ],
            [
              -73.99770373199999,
              11.35064542263542
            ],
            [
              -73.99830031800002,
              11.350703567635389
            ],
            [
              -73.998395029,
              11.350709232635396
            ],
            [
              -73.99858917400002,
              11.350749555635401
            ],
            [
              -73.99918063000001,
              11.350846077635431
            ],
            [
              -73.99977721800002,
              11.35090421963543
            ],
            [
              -74.00037638200001,
              11.35092373263541
            ],
            [
              -74.00068079200003,
              11.350923812635413
            ],
            [
              -74.000885944,
              11.35092159863541
            ],
            [
              -74.00123108100001,
              11.351044974635382
            ],
            [
              -74.00180471300001,
              11.351216846635396
            ],
            [
              -74.00234347399999,
              11.351342360635375
            ],
            [
              -74.00248245699999,
              11.35139018663538
            ],
            [
              -74.00305608999997,
              11.351562056635414
            ],
            [
              -74.00363988599997,
              11.351696535635403
            ],
            [
              -74.00423134599998,
              11.351793047635377
            ],
            [
              -74.00482793700002,
              11.351851179635362
            ],
            [
              -74.00542710399998,
              11.351870681635406
            ],
            [
              -74.00593527900003,
              11.351856886635376
            ],
            [
              -74.006138223,
              11.351845810635364
            ],
            [
              -74.00622922299999,
              11.351840395635385
            ],
            [
              -74.006825843,
              11.351782554635378
            ],
            [
              -74.007417352,
              11.35168633163537
            ],
            [
              -74.00800121600003,
              11.35155213763538
            ],
            [
              -74.00857493400002,
              11.351380547635403
            ],
            [
              -74.00858973599998,
              11.3513750546354
            ],
            [
              -74.00883901399999,
              11.351506610635383
            ],
            [
              -74.009385011,
              11.351750883635395
            ],
            [
              -74.00960215100002,
              11.351836508635392
            ],
            [
              -74.00974870700003,
              11.35189216963537
            ],
            [
              -74.01009258599998,
              11.352015055635407
            ],
            [
              -74.01066622500002,
              11.352186909635373
            ],
            [
              -74.01108120399999,
              11.352286563635364
            ],
            [
              -74.01108335800001,
              11.35228713463535
            ],
            [
              -74.01166716,
              11.352421596635358
            ],
            [
              -74.01225862500002,
              11.352518092635377
            ],
            [
              -74.01285521900002,
              11.352576208635366
            ],
            [
              -74.01345438700002,
              11.352595694635351
            ],
            [
              -74.013702427,
              11.352595748635348
            ],
            [
              -74.01430160400002,
              11.352576521635351
            ],
            [
              -74.01489822399998,
              11.352518664635355
            ],
            [
              -74.01506142900001,
              11.352496022635378
            ],
            [
              -74.01514704800002,
              11.352483367635342
            ],
            [
              -74.015528233,
              11.352541049635368
            ],
            [
              -74.01612482799999,
              11.352599158635385
            ],
            [
              -74.016723996,
              11.352618637635379
            ],
            [
              -74.01684801599998,
              11.352618663635328
            ],
            [
              -74.017403419,
              11.352600835635375
            ],
            [
              -74.01758356099998,
              11.352767396635336
            ],
            [
              -74.01804689900001,
              11.353142779635322
            ],
            [
              -74.01853412600002,
              11.353487454635326
            ],
            [
              -74.01904315600001,
              11.353799946635352
            ],
            [
              -74.01957180800002,
              11.354078916635297
            ],
            [
              -74.020117819,
              11.354323168635297
            ],
            [
              -74.020678852,
              11.354531658635281
            ],
            [
              -74.02125250199998,
              11.354703493635268
            ],
            [
              -74.021836313,
              11.354837935635313
            ],
            [
              -74.02242778599998,
              11.354934411635265
            ],
            [
              -74.022611875,
              11.354956493635305
            ],
            [
              -74.022713345,
              11.354967637635292
            ],
            [
              -74.02312585700003,
              11.355003650635291
            ],
            [
              -74.02372503100003,
              11.355023116635259
            ],
            [
              -74.02431176099998,
              11.355004269635277
            ],
            [
              -74.02431792800002,
              11.355004272635307
            ],
            [
              -74.02467141400001,
              11.355057202635285
            ],
            [
              -74.02526801599998,
              11.355115293635254
            ],
            [
              -74.02586719099997,
              11.355134754635278
            ],
            [
              -74.02646637200002,
              11.355115503635309
            ],
            [
              -74.026628002,
              11.355103659635278
            ],
            [
              -74.02676329899998,
              11.355092557635304
            ],
            [
              -74.02708408000001,
              11.355058607635266
            ],
            [
              -74.02737585800003,
              11.355167029635298
            ],
            [
              -74.027949514,
              11.355338850635274
            ],
            [
              -74.02853333000002,
              11.35547328063528
            ],
            [
              -74.02902499499999,
              11.355556207635274
            ],
            [
              -74.02918283600002,
              11.355578484635295
            ],
            [
              -74.02928264799999,
              11.355592019635283
            ],
            [
              -74.029879252,
              11.355650100635248
            ],
            [
              -74.030004147,
              11.355654155635285
            ],
            [
              -74.03047842799998,
              11.355669552635247
            ],
            [
              -74.03063627300003,
              11.35566957763527
            ],
            [
              -74.03123545599999,
              11.355650316635291
            ],
            [
              -74.03183207900003,
              11.355592425635262
            ],
            [
              -74.03242358699998,
              11.35549615163527
            ],
            [
              -74.03300744699999,
              11.355361908635283
            ],
            [
              -74.033581159,
              11.355190270635308
            ],
            [
              -74.034142266,
              11.354981971635306
            ],
            [
              -74.03468836399998,
              11.354737905635321
            ],
            [
              -74.035097296,
              11.354522292635302
            ],
            [
              -74.035284306,
              11.354695181635293
            ],
            [
              -74.03574766999998,
              11.355070537635292
            ],
            [
              -74.036234922,
              11.355415183635255
            ],
            [
              -74.03674397399999,
              11.355727644635264
            ],
            [
              -74.03727264700001,
              11.356006582635265
            ],
            [
              -74.03781867800001,
              11.356250802635273
            ],
            [
              -74.038379727,
              11.356459258635264
            ],
            [
              -74.03886921600002,
              11.356608365635223
            ],
            [
              -74.03888603899998,
              11.356617976635226
            ],
            [
              -74.03941471600001,
              11.356896910635204
            ],
            [
              -74.03996074999998,
              11.357141126635195
            ],
            [
              -74.040521802,
              11.357349579635216
            ],
            [
              -74.04109547000002,
              11.357521375635228
            ],
            [
              -74.04167929699997,
              11.357655778635232
            ],
            [
              -74.04210758200003,
              11.357729517635192
            ],
            [
              -74.04233307200002,
              11.35776292163521
            ],
            [
              -74.04249627299998,
              11.357785617635184
            ],
            [
              -74.04309288500002,
              11.357843672635187
            ],
            [
              -74.04367228900003,
              11.357863073635226
            ],
            [
              -74.043759034,
              11.35787476963522
            ],
            [
              -74.044355645,
              11.357932821635206
            ],
            [
              -74.04495482700003,
              11.357952243635179
            ],
            [
              -74.04541232700001,
              11.35794101463519
            ],
            [
              -74.04586332000002,
              11.357918812635228
            ],
            [
              -74.04600500599997,
              11.357910751635206
            ],
            [
              -74.04660163099999,
              11.357852830635201
            ],
            [
              -74.04663270399999,
              11.357848743635222
            ],
            [
              -74.04704987600002,
              11.357793158635182
            ],
            [
              -74.04761030999998,
              11.357700941635212
            ],
            [
              -74.04819416800001,
              11.357566668635195
            ],
            [
              -74.048509062,
              11.357477458635206
            ],
            [
              -74.04935469200001,
              11.357221652635232
            ],
            [
              -74.04961350399998,
              11.357139194635218
            ],
            [
              -74.05017460300002,
              11.356930865635253
            ],
            [
              -74.05072069200003,
              11.356686769635248
            ],
            [
              -74.05124943200002,
              11.35640795163523
            ],
            [
              -74.051258975,
              11.356402508635261
            ],
            [
              -74.05138592999998,
              11.356341936635273
            ],
            [
              -74.05191466899998,
              11.356063117635262
            ],
            [
              -74.05228808300001,
              11.35583852963528
            ],
            [
              -74.05244593700002,
              11.355738413635232
            ],
            [
              -74.052581648,
              11.355650654635244
            ],
            [
              -74.05306897899999,
              11.355306117635264
            ],
            [
              -74.05353243000002,
              11.354930866635293
            ],
            [
              -74.05392615,
              11.354569495635308
            ],
            [
              -74.05399107199997,
              11.35452708963528
            ],
            [
              -74.054005469,
              11.3545175796353
            ],
            [
              -74.054574602,
              11.354347108635304
            ],
            [
              -74.05513569200002,
              11.354138769635329
            ],
            [
              -74.05568177100002,
              11.353894664635302
            ],
            [
              -74.05621050100001,
              11.353615837635331
            ],
            [
              -74.056719617,
              11.353303483635313
            ],
            [
              -74.05707528200003,
              11.353056770635362
            ],
            [
              -74.05733461,
              11.352867654635363
            ],
            [
              -74.057466267,
              11.35276982363536
            ],
            [
              -74.05779035699999,
              11.352512723635375
            ],
            [
              -74.05800458599998,
              11.352334728635375
            ],
            [
              -74.05814393600002,
              11.352216569635369
            ],
            [
              -74.05854174699999,
              11.351848950635405
            ],
            [
              -74.05879470899998,
              11.352082775635347
            ],
            [
              -74.05925810000002,
              11.352458094635336
            ],
            [
              -74.05974537499998,
              11.352802701635373
            ],
            [
              -74.06025444900001,
              11.353115122635353
            ],
            [
              -74.06078314000001,
              11.353394018635344
            ],
            [
              -74.06132918499998,
              11.353638194635305
            ],
            [
              -74.06189024600002,
              11.353846606635301
            ],
            [
              -74.06246392000003,
              11.354018360635305
            ],
            [
              -74.06304775000001,
              11.354152721635293
            ],
            [
              -74.06363923499998,
              11.354249114635321
            ],
            [
              -74.064235844,
              11.35430712663533
            ],
            [
              -74.06483501999998,
              11.354326508635282
            ],
            [
              -74.06498847,
              11.354321558635334
            ],
            [
              -74.065079411,
              11.354323301635322
            ],
            [
              -74.06520824,
              11.35431991463533
            ],
            [
              -74.065563026,
              11.354303790635313
            ],
            [
              -74.06615964000002,
              11.354245830635326
            ],
            [
              -74.06675113400001,
              11.354149487635336
            ],
            [
              -74.067334975,
              11.354015176635329
            ],
            [
              -74.06790866400002,
              11.353843471635315
            ],
            [
              -74.06846974299998,
              11.353635107635311
            ],
            [
              -74.06901581,
              11.353390977635334
            ],
            [
              -74.06954452600002,
              11.35311212763536
            ],
            [
              -74.070053627,
              11.35279974963533
            ],
            [
              -74.07033736900001,
              11.352604935635343
            ],
            [
              -74.07039685500001,
              11.352576253635336
            ],
            [
              -74.070765607,
              11.35238643163537
            ],
            [
              -74.07095684500001,
              11.352282471635384
            ],
            [
              -74.07111680600002,
              11.35219344063537
            ],
            [
              -74.07162590399997,
              11.351881060635348
            ],
            [
              -74.071711628,
              11.351823846635376
            ],
            [
              -74.07186049500001,
              11.351723276635404
            ],
            [
              -74.072010068,
              11.351620054635397
            ],
            [
              -74.072146078,
              11.351524188635365
            ],
            [
              -74.07228436499997,
              11.351427173635377
            ],
            [
              -74.07254268600002,
              11.35123913963542
            ],
            [
              -74.07270340399998,
              11.351139466635395
            ],
            [
              -74.072760856,
              11.351152686635423
            ],
            [
              -74.073352338,
              11.351249059635386
            ],
            [
              -74.07394894200002,
              11.351307051635384
            ],
            [
              -74.07454811299999,
              11.35132641363543
            ],
            [
              -74.07514728400002,
              11.351307063635424
            ],
            [
              -74.07574388900002,
              11.35124908363541
            ],
            [
              -74.076335374,
              11.351152722635387
            ],
            [
              -74.07691920500002,
              11.351018391635424
            ],
            [
              -74.077492882,
              11.350846667635386
            ],
            [
              -74.077627522,
              11.350800411635431
            ],
            [
              -74.07769957699998,
              11.350776603635389
            ],
            [
              -74.07826064300002,
              11.350568221635418
            ],
            [
              -74.07880669500003,
              11.35032407263545
            ],
            [
              -74.07933539599998,
              11.35004520463545
            ],
            [
              -74.07984448100001,
              11.34973281063547
            ],
            [
              -74.08033176999999,
              11.349388228635453
            ],
            [
              -74.08079517599998,
              11.349012933635448
            ],
            [
              -74.08109000500002,
              11.348746327635475
            ],
            [
              -74.08111811499998,
              11.34872307963549
            ],
            [
              -74.08152152299999,
              11.348434466635489
            ],
            [
              -74.08198492600002,
              11.348059169635489
            ],
            [
              -74.08242246100002,
              11.34765476863548
            ],
            [
              -74.08283225600002,
              11.347222993635517
            ],
            [
              -74.08321255499999,
              11.346765694635526
            ],
            [
              -74.08336158700001,
              11.346568529635556
            ],
            [
              -74.08344460299998,
              11.346455525635543
            ],
            [
              -74.083644746,
              11.346171825635539
            ],
            [
              -74.08396130099999,
              11.345669454635578
            ],
            [
              -74.08424388200001,
              11.345147727635554
            ],
            [
              -74.08425151199998,
              11.3451324206356
            ],
            [
              -74.08431277,
              11.345009246635595
            ],
            [
              -74.08444437999998,
              11.34473291163558
            ],
            [
              -74.084505637,
              11.344598437635593
            ],
            [
              -74.08461379300002,
              11.344351232635606
            ],
            [
              -74.08470279400001,
              11.34413106163559
            ],
            [
              -74.08474630299997,
              11.3440191896356
            ],
            [
              -74.08486845300001,
              11.343685697635632
            ],
            [
              -74.08504245699999,
              11.34311959363562
            ],
            [
              -74.08516261599999,
              11.342620851635644
            ],
            [
              -74.08519524399998,
              11.342466039635639
            ],
            [
              -74.08521119599999,
              11.342388658635667
            ],
            [
              -74.08530883200001,
              11.341804984635697
            ],
            [
              -74.08533586300001,
              11.3415340716357
            ],
            [
              -74.08538831800001,
              11.341412049635672
            ],
            [
              -74.08550624700001,
              11.341102822635735
            ],
            [
              -74.085843942,
              11.340637749635704
            ],
            [
              -74.086052144,
              11.340307322635725
            ],
            [
              -74.086197561,
              11.340189546635754
            ],
            [
              -74.08654669100002,
              11.339866837635725
            ],
            [
              -74.086579658,
              11.34019704663574
            ],
            [
              -74.08660781700002,
              11.340391689635716
            ],
            [
              -74.08663846500002,
              11.340588236635744
            ],
            [
              -74.08670797500002,
              11.340977261635734
            ],
            [
              -74.08684412000002,
              11.341553376635721
            ],
            [
              -74.087018156,
              11.342119471635653
            ],
            [
              -74.08722933899998,
              11.342673121635663
            ],
            [
              -74.08747676399997,
              11.343211955635649
            ],
            [
              -74.08775937299998,
              11.343733666635607
            ],
            [
              -74.08807595600001,
              11.344236020635586
            ],
            [
              -74.08842515600003,
              11.344716865635595
            ],
            [
              -74.08880547799998,
              11.345174143635582
            ],
            [
              -74.08921529499997,
              11.345605894635577
            ],
            [
              -74.08965285099998,
              11.346010271635562
            ],
            [
              -74.09011627199999,
              11.346385542635543
            ],
            [
              -74.09036842199998,
              11.34656977163555
            ],
            [
              -74.09047567300001,
              11.34664536263553
            ],
            [
              -74.09071082600002,
              11.346805689635534
            ],
            [
              -74.09121992299998,
              11.347118056635514
            ],
            [
              -74.09174863300001,
              11.347396897635516
            ],
            [
              -74.09229469299999,
              11.347641016635507
            ],
            [
              -74.09285576500002,
              11.347849369635506
            ],
            [
              -74.09342944500003,
              11.348021063635521
            ],
            [
              -74.09401327699999,
              11.348155363635469
            ],
            [
              -74.09460476100003,
              11.348251694635476
            ],
            [
              -74.095201363,
              11.348309643635467
            ],
            [
              -74.09580052899997,
              11.348328962635458
            ],
            [
              -74.09611831699999,
              11.348318676635497
            ],
            [
              -74.096155754,
              11.348693520635447
            ],
            [
              -74.09625344599999,
              11.349277185635453
            ],
            [
              -74.09638961299999,
              11.34985329563544
            ],
            [
              -74.09656367299999,
              11.350419384635433
            ],
            [
              -74.09677488,
              11.350973026635417
            ],
            [
              -74.097022331,
              11.351511852635367
            ],
            [
              -74.09730496499998,
              11.35203355463537
            ],
            [
              -74.09762157400002,
              11.352535897635347
            ],
            [
              -74.09797079999998,
              11.35301673163536
            ],
            [
              -74.09808518400001,
              11.353160765635314
            ],
            [
              -74.09820776700002,
              11.35331194863533
            ],
            [
              -74.098473732,
              11.35362517863533
            ],
            [
              -74.09888357599999,
              11.354056916635294
            ],
            [
              -74.09932115800001,
              11.354461278635313
            ],
            [
              -74.09978460500002,
              11.354836533635304
            ],
            [
              -74.10027193299999,
              11.35518107463529
            ],
            [
              -74.10078105500003,
              11.355493424635288
            ],
            [
              -74.10130979000002,
              11.355772247635256
            ],
            [
              -74.10185587400002,
              11.356016349635267
            ],
            [
              -74.10231270399998,
              11.356189076635259
            ],
            [
              -74.10257318100003,
              11.35627976863527
            ],
            [
              -74.10267744700002,
              11.356315376635232
            ],
            [
              -74.10325115,
              11.356487051635217
            ],
            [
              -74.10383500400002,
              11.35662133163521
            ],
            [
              -74.10442650800002,
              11.35671764263526
            ],
            [
              -74.10502312900002,
              11.356775571635232
            ],
            [
              -74.10522031900001,
              11.356781923635252
            ],
            [
              -74.10524462000001,
              11.356787512635206
            ],
            [
              -74.105836125,
              11.35688382063522
            ],
            [
              -74.10643274799997,
              11.356941746635233
            ],
            [
              -74.10703193199998,
              11.356961042635238
            ],
            [
              -74.10727708000002,
              11.356961018635207
            ],
            [
              -74.10787626000001,
              11.356941601635233
            ],
            [
              -74.108472871,
              11.356883555635244
            ],
            [
              -74.10906435599998,
              11.356787127635242
            ],
            [
              -74.10964818299999,
              11.356652732635213
            ],
            [
              -74.110221852,
              11.356480945635218
            ],
            [
              -74.11078290500001,
              11.356272501635267
            ],
            [
              -74.11132894100001,
              11.356028293635248
            ],
            [
              -74.11185762100001,
              11.355749366635253
            ],
            [
              -74.11236667999998,
              11.355436916635293
            ],
            [
              -74.11285393899999,
              11.355092280635274
            ],
            [
              -74.11286263599999,
              11.35508568663527
            ],
            [
              -74.11306179799999,
              11.354934471635318
            ],
            [
              -74.11349036399997,
              11.354586896635288
            ],
            [
              -74.113895232,
              11.354373287635278
            ],
            [
              -74.114209314,
              11.354185919635327
            ],
            [
              -74.11427663699999,
              11.354160602635334
            ],
            [
              -74.11452112199999,
              11.354064671635305
            ],
            [
              -74.11506715000002,
              11.35382045663531
            ],
            [
              -74.11559582199999,
              11.35354152363531
            ],
            [
              -74.11610487399997,
              11.353229067635354
            ],
            [
              -74.11659212500001,
              11.352884425635354
            ],
            [
              -74.117055489,
              11.352509073635376
            ],
            [
              -74.117492981,
              11.352104620635398
            ],
            [
              -74.11790273000003,
              11.35167279763537
            ],
            [
              -74.11828297800002,
              11.3512154536354
            ],
            [
              -74.11863210000001,
              11.350734547635412
            ],
            [
              -74.11863741899998,
              11.350726680635443
            ],
            [
              -74.11875996399999,
              11.35054523563544
            ],
            [
              -74.11907114399997,
              11.350050691635461
            ],
            [
              -74.119353665,
              11.349528931635447
            ],
            [
              -74.119600999,
              11.348990054635468
            ],
            [
              -74.11981208700001,
              11.348436368635502
            ],
            [
              -74.11998602400001,
              11.34787024363548
            ],
            [
              -74.12007997199998,
              11.347491549635487
            ],
            [
              -74.12014121700003,
              11.347219397635515
            ],
            [
              -74.120183312,
              11.347021952635558
            ],
            [
              -74.12028087800002,
              11.34643826763553
            ],
            [
              -74.12033954999998,
              11.34584953463558
            ],
            [
              -74.120356706,
              11.345053960635607
            ],
            [
              -74.12038619700002,
              11.344963660635594
            ],
            [
              -74.12042969100003,
              11.344828051635622
            ],
            [
              -74.12054491100002,
              11.344438650635626
            ],
            [
              -74.12068095199999,
              11.343862511635612
            ],
            [
              -74.12077851599997,
              11.343278826635649
            ],
            [
              -74.12080909299999,
              11.342971992635647
            ],
            [
              -74.12125215399999,
              11.34310455063566
            ],
            [
              -74.12183598899998,
              11.34323879563562
            ],
            [
              -74.12242747200003,
              11.34333507063566
            ],
            [
              -74.12248694099998,
              11.343342592635631
            ],
            [
              -74.12273208200003,
              11.343372793635645
            ],
            [
              -74.12326920999999,
              11.34342316463563
            ],
            [
              -74.124234511,
              11.343435145635627
            ],
            [
              -74.12461753500003,
              11.343419965635636
            ],
            [
              -74.12485054199999,
              11.343407795635644
            ],
            [
              -74.12544711999999,
              11.343349715635616
            ],
            [
              -74.12603857200003,
              11.343253253635632
            ],
            [
              -74.12662236300002,
              11.343118825635669
            ],
            [
              -74.12719599500002,
              11.342947004635638
            ],
            [
              -74.127300246,
              11.342911370635663
            ],
            [
              -74.12751556199999,
              11.34283633763564
            ],
            [
              -74.12783710600002,
              11.34280503063567
            ],
            [
              -74.12842855600002,
              11.34270856463567
            ],
            [
              -74.12901234499998,
              11.342574131635649
            ],
            [
              -74.12958597400001,
              11.342402305635668
            ],
            [
              -74.129857889,
              11.342306423635685
            ],
            [
              -74.12998044800003,
              11.342261044635656
            ],
            [
              -74.13026954600002,
              11.342148445635692
            ],
            [
              -74.13081553799998,
              11.341904201635709
            ],
            [
              -74.131344173,
              11.34162524063567
            ],
            [
              -74.131853186,
              11.34131275663573
            ],
            [
              -74.132340398,
              11.340968088635718
            ],
            [
              -74.132803722,
              11.340592712635699
            ],
            [
              -74.13324117399998,
              11.340188235635756
            ],
            [
              -74.13333810300003,
              11.340086069635722
            ],
            [
              -74.13374687800001,
              11.34037501863575
            ],
            [
              -74.13425601,
              11.340687311635723
            ],
            [
              -74.13478475,
              11.340966075635684
            ],
            [
              -74.13511594800002,
              11.341119140635689
            ],
            [
              -74.13539174900001,
              11.3412400396357
            ],
            [
              -74.13560663599998,
              11.341331013635694
            ],
            [
              -74.13586925700002,
              11.341428496635684
            ],
            [
              -74.13621112200002,
              11.341899081635685
            ],
            [
              -74.13627558500002,
              11.341980973635707
            ],
            [
              -74.136444159,
              11.342192607635681
            ],
            [
              -74.13676009099999,
              11.342567930635683
            ],
            [
              -74.137169976,
              11.34299961563564
            ],
            [
              -74.13760759500002,
              11.343403921635629
            ],
            [
              -74.13807107399998,
              11.343779116635622
            ],
            [
              -74.138558429,
              11.344123594635603
            ],
            [
              -74.13906757199999,
              11.34443587863561
            ],
            [
              -74.13930487099998,
              11.34456642063563
            ],
            [
              -74.13950406800001,
              11.344672212635626
            ],
            [
              -74.139795521,
              11.344820424635623
            ],
            [
              -74.14034161699999,
              11.345064455635576
            ],
            [
              -74.140902718,
              11.345272716635582
            ],
            [
              -74.14147642199998,
              11.34544431763555
            ],
            [
              -74.14176637899999,
              11.345515937635582
            ],
            [
              -74.141806723,
              11.3455295456356
            ],
            [
              -74.14238042699998,
              11.345701144635585
            ],
            [
              -74.14296427699998,
              11.345835347635552
            ],
            [
              -74.14355577200001,
              11.345931580635563
            ],
            [
              -74.14415237899999,
              11.345989430635584
            ],
            [
              -74.144751542,
              11.346008650635534
            ],
            [
              -74.14535069700003,
              11.34598915763557
            ],
            [
              -74.145947277,
              11.345931035635587
            ],
            [
              -74.14639027999999,
              11.34586245363555
            ],
            [
              -74.14655880499998,
              11.345832175635547
            ],
            [
              -74.146707252,
              11.34580425563557
            ],
            [
              -74.14729103899998,
              11.345669786635595
            ],
            [
              -74.14786466300001,
              11.345497925635584
            ],
            [
              -74.14842566700003,
              11.3452894096356
            ],
            [
              -74.14897165000002,
              11.345045131635581
            ],
            [
              -74.14950027200001,
              11.3447661386356
            ],
            [
              -74.15000927099999,
              11.344453623635596
            ],
            [
              -74.15049646599999,
              11.344108925635611
            ],
            [
              -74.15095977200002,
              11.343733520635613
            ],
            [
              -74.15139720299999,
              11.343329017635659
            ],
            [
              -74.15180688800001,
              11.342897147635677
            ],
            [
              -74.152009443,
              11.34266107463568
            ],
            [
              -74.15214728900003,
              11.342494730635657
            ],
            [
              -74.15232491699999,
              11.342273414635695
            ],
            [
              -74.15267397000002,
              11.341792468635672
            ],
            [
              -74.15299040000002,
              11.3412900226357
            ],
            [
              -74.153177734,
              11.34095330363569
            ],
            [
              -74.15330454000002,
              11.34077079663572
            ],
            [
              -74.153610378,
              11.340286413635727
            ],
            [
              -74.15365518200002,
              11.340213880635742
            ],
            [
              -74.154077771,
              11.340056798635764
            ],
            [
              -74.15462373899999,
              11.33981251063574
            ],
            [
              -74.15515234600002,
              11.339533506635755
            ],
            [
              -74.15566132999999,
              11.339220981635743
            ],
            [
              -74.15614850899999,
              11.338876274635796
            ],
            [
              -74.15661179900002,
              11.338500861635776
            ],
            [
              -74.15704921399998,
              11.3380963496358
            ],
            [
              -74.157171747,
              11.337975363635792
            ],
            [
              -74.15758141499998,
              11.337543485635834
            ],
            [
              -74.15796158199998,
              11.337086090635825
            ],
            [
              -74.15831062000001,
              11.336605137635832
            ],
            [
              -74.158627034,
              11.33610268563586
            ],
            [
              -74.15890946899998,
              11.33558088763586
            ],
            [
              -74.15915671699997,
              11.335041977635887
            ],
            [
              -74.159367718,
              11.334488262635935
            ],
            [
              -74.15949990399997,
              11.33405779863591
            ],
            [
              -74.15957304900002,
              11.334060466635888
            ],
            [
              -74.15966889399999,
              11.334069038635905
            ],
            [
              -74.15989912999999,
              11.334086744635893
            ],
            [
              -74.16049826900002,
              11.334105932635909
            ],
            [
              -74.16109739799998,
              11.33408640863593
            ],
            [
              -74.16169394899998,
              11.334028254635944
            ],
            [
              -74.16228536900002,
              11.333931720635922
            ],
            [
              -74.162869124,
              11.333797220635931
            ],
            [
              -74.16344271499997,
              11.333625329635957
            ],
            [
              -74.16400368500001,
              11.333416784635945
            ],
            [
              -74.16454963199999,
              11.333172477635937
            ],
            [
              -74.16507821699997,
              11.332893456635968
            ],
            [
              -74.16558717800001,
              11.332580914635964
            ],
            [
              -74.165994093,
              11.33229630263599
            ],
            [
              -74.16611662899999,
              11.332205550635994
            ],
            [
              -74.16619687000002,
              11.33214543963596
            ],
            [
              -74.16666013499997,
              11.331770010635992
            ],
            [
              -74.16709752700001,
              11.33136548363601
            ],
            [
              -74.16750717100001,
              11.330933591636024
            ],
            [
              -74.167887313,
              11.330476183636046
            ],
            [
              -74.168236326,
              11.329995218636057
            ],
            [
              -74.16855271600002,
              11.329492756636089
            ],
            [
              -74.16883512700002,
              11.32897094863607
            ],
            [
              -74.16908235,
              11.32843203063607
            ],
            [
              -74.16929332699999,
              11.327878308636135
            ],
            [
              -74.16930164600001,
              11.327853985636086
            ],
            [
              -74.169492321,
              11.327349078636114
            ],
            [
              -74.16955320199997,
              11.327165470636132
            ],
            [
              -74.16964503100002,
              11.326878179636138
            ],
            [
              -74.16975797700002,
              11.326495633636183
            ],
            [
              -74.16989390999998,
              11.32591947163618
            ],
            [
              -74.169991369,
              11.325335769636165
            ],
            [
              -74.17004993400002,
              11.324747026636203
            ],
            [
              -74.17006129499998,
              11.32377941963623
            ],
            [
              -74.17004585900003,
              11.323416566636228
            ],
            [
              -74.17003411799999,
              11.323201661636224
            ],
            [
              -74.169975174,
              11.322612955636272
            ],
            [
              -74.169877342,
              11.322029314636302
            ],
            [
              -74.169741042,
              11.32145323763631
            ],
            [
              -74.16971895900002,
              11.32137346663631
            ],
            [
              -74.16956558700002,
              11.320829227636303
            ],
            [
              -74.16941348400002,
              11.320342952636366
            ],
            [
              -74.16920216,
              11.319789360636356
            ],
            [
              -74.16903994199998,
              11.319425977636397
            ],
            [
              -74.16894795299999,
              11.319231598636353
            ],
            [
              -74.16892352299999,
              11.319031780636355
            ],
            [
              -74.16892153100002,
              11.319016977636354
            ],
            [
              -74.168903167,
              11.318881380636368
            ],
            [
              -74.16880733099998,
              11.318312541636406
            ],
            [
              -74.168671034,
              11.31773646463641
            ],
            [
              -74.16849685300002,
              11.317170417636426
            ],
            [
              -74.16848090100001,
              11.317124491636443
            ],
            [
              -74.16843735100002,
              11.317000202636459
            ],
            [
              -74.16824198299997,
              11.316492536636451
            ],
            [
              -74.16799443000002,
              11.315953769636494
            ],
            [
              -74.167711704,
              11.31543213463647
            ],
            [
              -74.167462661,
              11.315031179636502
            ],
            [
              -74.16739278300003,
              11.314924979636507
            ],
            [
              -74.16732513599999,
              11.314823664636517
            ],
            [
              -74.16725568599998,
              11.314728077636488
            ],
            [
              -74.16735306999999,
              11.314731194636485
            ],
            [
              -74.16742947699998,
              11.31478519563651
            ],
            [
              -74.16793859900002,
              11.315097431636515
            ],
            [
              -74.168467325,
              11.3153761346365
            ],
            [
              -74.169013388,
              11.315620112636507
            ],
            [
              -74.169574452,
              11.315828320636504
            ],
            [
              -74.16966146800002,
              11.315856962636461
            ],
            [
              -74.16988670900002,
              11.31595246163646
            ],
            [
              -74.17044777400002,
              11.316160667636478
            ],
            [
              -74.17102143699998,
              11.316332211636478
            ],
            [
              -74.17160524000002,
              11.316466358636458
            ],
            [
              -74.17219668400003,
              11.31656253463646
            ],
            [
              -74.17279323499997,
              11.316620327636452
            ],
            [
              -74.17339233899997,
              11.316639489636453
            ],
            [
              -74.17356085400002,
              11.316639434636471
            ],
            [
              -74.17415994599997,
              11.316619883636431
            ],
            [
              -74.17475645799999,
              11.31656170463648
            ],
            [
              -74.175347837,
              11.316465144636453
            ],
            [
              -74.17565879,
              11.316398432636484
            ],
            [
              -74.17591920199999,
              11.316337869636447
            ],
            [
              -74.17619196300001,
              11.316270055636469
            ],
            [
              -74.17676551099999,
              11.316098139636477
            ],
            [
              -74.17732643699998,
              11.315889568636454
            ],
            [
              -74.17787233899998,
              11.31564523763649
            ],
            [
              -74.17840088000003,
              11.315366192636482
            ],
            [
              -74.17890979499998,
              11.315053627636487
            ],
            [
              -74.17924350200002,
              11.314822636636528
            ],
            [
              -74.179358025,
              11.314767822636524
            ],
            [
              -74.17988656199998,
              11.314488774636493
            ],
            [
              -74.18000318700001,
              11.31442112963655
            ],
            [
              -74.180231074,
              11.314313948636524
            ],
            [
              -74.18075961,
              11.314034898636514
            ],
            [
              -74.18094100899998,
              11.313923484636515
            ],
            [
              -74.18094687299998,
              11.31395846063656
            ],
            [
              -74.18108319200002,
              11.314534531636495
            ],
            [
              -74.18116982599997,
              11.31483264563652
            ],
            [
              -74.18120058099998,
              11.315091204636484
            ],
            [
              -74.181298433,
              11.315674842636492
            ],
            [
              -74.18143475400001,
              11.316250913636487
            ],
            [
              -74.18160896,
              11.316816952636449
            ],
            [
              -74.18169701400001,
              11.317061111636413
            ],
            [
              -74.18165196000001,
              11.317360789636439
            ],
            [
              -74.18159341900002,
              11.317949534636437
            ],
            [
              -74.18157402000003,
              11.31854079763641
            ],
            [
              -74.181593846,
              11.319132046636359
            ],
            [
              -74.18165281300003,
              11.31972075063633
            ],
            [
              -74.181750668,
              11.320304387636352
            ],
            [
              -74.18188699199999,
              11.320880458636342
            ],
            [
              -74.18201237,
              11.321300639636315
            ],
            [
              -74.18206051499999,
              11.321448655636281
            ],
            [
              -74.182109347,
              11.321594512636276
            ],
            [
              -74.18232069700002,
              11.322148094636276
            ],
            [
              -74.18256828199998,
              11.322686848636254
            ],
            [
              -74.18284372800002,
              11.323195952636233
            ],
            [
              -74.182918202,
              11.323323618636252
            ],
            [
              -74.182925517,
              11.323336134636225
            ],
            [
              -74.183242242,
              11.32383838663626
            ],
            [
              -74.18341645999999,
              11.324086437636229
            ],
            [
              -74.18350524599998,
              11.324208448636247
            ],
            [
              -74.18368036200002,
              11.324441129636241
            ],
            [
              -74.18406080800003,
              11.324898285636209
            ],
            [
              -74.18408249599997,
              11.324922584636228
            ],
            [
              -74.18417356399999,
              11.325024254636217
            ],
            [
              -74.18456180700002,
              11.325431573636179
            ],
            [
              -74.18471243699997,
              11.32557674263618
            ],
            [
              -74.18481438200001,
              11.325672757636173
            ],
            [
              -74.18510141000002,
              11.32593182463617
            ],
            [
              -74.18556492200003,
              11.326306944636158
            ],
            [
              -74.18603082099997,
              11.326637146636138
            ],
            [
              -74.18616711599998,
              11.326727498636153
            ],
            [
              -74.18618859899999,
              11.326741695636144
            ],
            [
              -74.186697762,
              11.327053898636159
            ],
            [
              -74.187084432,
              11.327261959636116
            ],
            [
              -74.18711543400002,
              11.32727769963615
            ],
            [
              -74.187405942,
              11.327735444636087
            ],
            [
              -74.18775528700002,
              11.328216172636088
            ],
            [
              -74.18813574500001,
              11.328673321636069
            ],
            [
              -74.18854568699999,
              11.329104935636098
            ],
            [
              -74.188983356,
              11.329509165636038
            ],
            [
              -74.189446879,
              11.329884279636039
            ],
            [
              -74.18993427100003,
              11.330228672636057
            ],
            [
              -74.19044344500003,
              11.330540868636037
            ],
            [
              -74.19097221999999,
              11.330819531636045
            ],
            [
              -74.19151833199999,
              11.331063467636039
            ],
            [
              -74.19207944200002,
              11.331271631635992
            ],
            [
              -74.19265314799998,
              11.331443132635998
            ],
            [
              -74.19267349799998,
              11.331448480636
            ],
            [
              -74.19280290400002,
              11.331482330636021
            ],
            [
              -74.19336639800002,
              11.331611086635998
            ],
            [
              -74.19395787899998,
              11.331707218636003
            ],
            [
              -74.194554466,
              11.33176496763601
            ],
            [
              -74.194558605,
              11.331765232635993
            ],
            [
              -74.19475212600003,
              11.331777585635978
            ],
            [
              -74.19534712400002,
              11.331796438636003
            ],
            [
              -74.19594624500002,
              11.331776842635987
            ],
            [
              -74.19654278399997,
              11.331718618636009
            ],
            [
              -74.19657114500001,
              11.331714878635998
            ],
            [
              -74.19660154000002,
              11.331710821635985
            ],
            [
              -74.19686545100001,
              11.331714467635967
            ],
            [
              -74.197464572,
              11.331694868635983
            ],
            [
              -74.19785002200001,
              11.331661698635987
            ],
            [
              -74.19799830199997,
              11.331645817636021
            ],
            [
              -74.19820938999999,
              11.331620760636008
            ],
            [
              -74.19846180899998,
              11.331584325635985
            ],
            [
              -74.19861245300001,
              11.331575748636016
            ],
            [
              -74.19920899099998,
              11.33151751863599
            ],
            [
              -74.19948779600003,
              11.33147686363602
            ],
            [
              -74.19962118699999,
              11.331455337636017
            ],
            [
              -74.199933784,
              11.331399384636
            ],
            [
              -74.200517515,
              11.331264810635993
            ],
            [
              -74.20109107799999,
              11.331092846635991
            ],
            [
              -74.20165201499998,
              11.330884230636048
            ],
            [
              -74.20188991100002,
              11.330782953635989
            ],
            [
              -74.20198980700002,
              11.330750073636
            ],
            [
              -74.20229402400003,
              11.330642071636012
            ],
            [
              -74.20242682999998,
              11.330592294635998
            ],
            [
              -74.20268354799998,
              11.330491677636019
            ],
            [
              -74.20322945599997,
              11.33024730063602
            ],
            [
              -74.20337735999999,
              11.330173592636022
            ],
            [
              -74.203503861,
              11.330109127636046
            ],
            [
              -74.20388449900003,
              11.329903744636077
            ],
            [
              -74.204147772,
              11.329747721636037
            ],
            [
              -74.20425251699999,
              11.329683265636078
            ],
            [
              -74.204498156,
              11.32952667963607
            ],
            [
              -74.20498526,
              11.329181892636065
            ],
            [
              -74.20511418900003,
              11.329082352636062
            ],
            [
              -74.20522486099998,
              11.32899532363608
            ],
            [
              -74.205306339,
              11.328934279636078
            ],
            [
              -74.205610132,
              11.328693718636083
            ],
            [
              -74.205708571,
              11.328612314636072
            ],
            [
              -74.20586798599999,
              11.328477384636075
            ],
            [
              -74.20630531699999,
              11.32807280063612
            ],
            [
              -74.20671489699998,
              11.327640854636146
            ],
            [
              -74.206994914,
              11.327309861636117
            ],
            [
              -74.207084178,
              11.327199080636136
            ],
            [
              -74.20718423599999,
              11.327072615636148
            ],
            [
              -74.207533179,
              11.326591604636123
            ],
            [
              -74.20772044199998,
              11.326303059636146
            ],
            [
              -74.20779710400001,
              11.32617985363613
            ],
            [
              -74.20792615800002,
              11.325965894636193
            ],
            [
              -74.20820849400002,
              11.32544405063616
            ],
            [
              -74.20845564000001,
              11.324905098636178
            ],
            [
              -74.20856955300002,
              11.324619740636205
            ],
            [
              -74.20861758699999,
              11.324493157636203
            ],
            [
              -74.20871457300001,
              11.324224765636208
            ],
            [
              -74.20888832100002,
              11.323658589636223
            ],
            [
              -74.208986649,
              11.32325971263628
            ],
            [
              -74.209015787,
              11.323128616636264
            ],
            [
              -74.20905331300003,
              11.322951314636276
            ],
            [
              -74.20915069099999,
              11.322367600636273
            ],
            [
              -74.20917005000001,
              11.322211450636273
            ],
            [
              -74.209221926,
              11.322027819636306
            ],
            [
              -74.20935777800003,
              11.321451640636313
            ],
            [
              -74.209455155,
              11.32086792663632
            ],
            [
              -74.20947979099998,
              11.320664809636314
            ],
            [
              -74.209494044,
              11.320534850636324
            ],
            [
              -74.209505165,
              11.320427466636334
            ],
            [
              -74.20959953800002,
              11.319858752636357
            ],
            [
              -74.20965802199999,
              11.319270002636358
            ],
            [
              -74.209664169,
              11.318197777636415
            ],
            [
              -74.20965666299998,
              11.31805991863641
            ],
            [
              -74.209649974,
              11.317949632636424
            ],
            [
              -74.20959095,
              11.317360934636444
            ],
            [
              -74.20949303999998,
              11.316777307636436
            ],
            [
              -74.209356663,
              11.316201249636473
            ],
            [
              -74.209182403,
              11.315635227636502
            ],
            [
              -74.20897100600001,
              11.315081664636478
            ],
            [
              -74.208723378,
              11.314542932636503
            ],
            [
              -74.20865280100003,
              11.314404836636506
            ],
            [
              -74.20857200799998,
              11.31425005963653
            ],
            [
              -74.208359787,
              11.313866560636535
            ],
            [
              -74.20804302900001,
              11.313364335636557
            ],
            [
              -74.20769366799999,
              11.312883631636588
            ],
            [
              -74.20731320099998,
              11.312426506636578
            ],
            [
              -74.20690325599998,
              11.311994918636623
            ],
            [
              -74.20646558800001,
              11.311590714636626
            ],
            [
              -74.20600207299998,
              11.311215626636645
            ],
            [
              -74.20551469399999,
              11.310871259636624
            ],
            [
              -74.20500553900001,
              11.310559088636618
            ],
            [
              -74.20447678800002,
              11.310280450636627
            ],
            [
              -74.203930705,
              11.310036537636675
            ],
            [
              -74.20360136900001,
              11.309909360636654
            ],
            [
              -74.20350164899997,
              11.309873027636684
            ],
            [
              -74.20348628599999,
              11.309815789636673
            ],
            [
              -74.203312041,
              11.309249763636702
            ],
            [
              -74.20310066100001,
              11.308696196636717
            ],
            [
              -74.202853049,
              11.30815745963673
            ],
            [
              -74.20257026799999,
              11.307635858636747
            ],
            [
              -74.20255008800001,
              11.307603861636734
            ],
            [
              -74.20265287199999,
              11.307413881636725
            ],
            [
              -74.20290001299998,
              11.30687493463674
            ],
            [
              -74.20311091000002,
              11.306321188636781
            ],
            [
              -74.20313200499999,
              11.306259030636797
            ],
            [
              -74.20317841899998,
              11.30615385363677
            ],
            [
              -74.20326726899998,
              11.305952514636777
            ],
            [
              -74.20347816399999,
              11.305398768636815
            ],
            [
              -74.203651912,
              11.304832593636808
            ],
            [
              -74.203787767,
              11.304256416636807
            ],
            [
              -74.20388515000002,
              11.303672703636856
            ],
            [
              -74.20390741,
              11.303491034636835
            ],
            [
              -74.20392266900001,
              11.303354956636868
            ],
            [
              -74.20395890200001,
              11.302947875636885
            ],
            [
              -74.20397825399999,
              11.302356610636883
            ],
            [
              -74.20395838399998,
              11.301765362636921
            ],
            [
              -74.20389937599998,
              11.301176663636946
            ],
            [
              -74.203801483,
              11.300593033636916
            ],
            [
              -74.20366512499999,
              11.300016971636934
            ],
            [
              -74.203490886,
              11.29945094563695
            ],
            [
              -74.203279512,
              11.298897378636973
            ],
            [
              -74.203031909,
              11.298358640637
            ],
            [
              -74.20274913700001,
              11.297837038637022
            ],
            [
              -74.202432407,
              11.297334807637059
            ],
            [
              -74.20217991499999,
              11.296980835637045
            ],
            [
              -74.20217321199999,
              11.29692480163703
            ],
            [
              -74.20233473100001,
              11.296775363637042
            ],
            [
              -74.20274427300001,
              11.29634342263707
            ],
            [
              -74.20312431399998,
              11.295885969637052
            ],
            [
              -74.20347322700002,
              11.295404962637111
            ],
            [
              -74.20362451900002,
              11.295173728637103
            ],
            [
              -74.20370105799998,
              11.295052743637086
            ],
            [
              -74.20386605599998,
              11.294781477637121
            ],
            [
              -74.20414836999998,
              11.294259635637127
            ],
            [
              -74.204395498,
              11.293720686637169
            ],
            [
              -74.20460638200001,
              11.293166939637159
            ],
            [
              -74.204780121,
              11.292600764637163
            ],
            [
              -74.20491596900001,
              11.292024585637229
            ],
            [
              -74.205013345,
              11.291440871637231
            ],
            [
              -74.20507183299998,
              11.290852121637226
            ],
            [
              -74.20509118299998,
              11.290260856637273
            ],
            [
              -74.20507131099998,
              11.289669607637272
            ],
            [
              -74.20501230299999,
              11.2890809086373
            ],
            [
              -74.20491441299998,
              11.288497278637323
            ],
            [
              -74.20490934200001,
              11.28847585363732
            ],
            [
              -74.204989996,
              11.288348358637311
            ],
            [
              -74.205030824,
              11.288280518637327
            ],
            [
              -74.20509021800001,
              11.288180368637294
            ],
            [
              -74.205372523,
              11.287658525637312
            ],
            [
              -74.20561964299998,
              11.287119575637359
            ],
            [
              -74.20566533499999,
              11.287008484637353
            ],
            [
              -74.20575737399997,
              11.286806156637361
            ],
            [
              -74.20610893700001,
              11.286590167637348
            ],
            [
              -74.20657107900001,
              11.286264177637383
            ],
            [
              -74.20661006699999,
              11.286234831637367
            ],
            [
              -74.20663495500003,
              11.286216031637405
            ],
            [
              -74.206958837,
              11.285958767637386
            ],
            [
              -74.20699410999998,
              11.28592942363741
            ],
            [
              -74.20713336699998,
              11.285811194637395
            ],
            [
              -74.20747471499999,
              11.285499979637398
            ],
            [
              -74.20782024900001,
              11.28521514963741
            ],
            [
              -74.20825751199999,
              11.284810562637432
            ],
            [
              -74.20866702900003,
              11.28437861263744
            ],
            [
              -74.20878600499998,
              11.284241858637458
            ],
            [
              -74.20891492599998,
              11.284171294637462
            ],
            [
              -74.20903004000002,
              11.28410708663744
            ],
            [
              -74.20910700799999,
              11.284063669637465
            ],
            [
              -74.20961583500002,
              11.283751052637452
            ],
            [
              -74.21010285599999,
              11.283406256637488
            ],
            [
              -74.21026763399999,
              11.28327835563745
            ],
            [
              -74.21035303100001,
              11.283210493637473
            ],
            [
              -74.21065138300003,
              11.282962897637468
            ],
            [
              -74.21086938100001,
              11.28276781663746
            ],
            [
              -74.21092692799999,
              11.282714632637502
            ],
            [
              -74.211085406,
              11.282564608637509
            ],
            [
              -74.21118564699998,
              11.282467410637523
            ],
            [
              -74.21124642699999,
              11.282407923637475
            ],
            [
              -74.21125407300002,
              11.282400360637482
            ],
            [
              -74.21145554999998,
              11.282237849637491
            ],
            [
              -74.211500129,
              11.282208605637482
            ],
            [
              -74.21198714500002,
              11.281863806637487
            ],
            [
              -74.21245026999998,
              11.281488305637549
            ],
            [
              -74.21245044199998,
              11.281488146637532
            ],
            [
              -74.21279772700001,
              11.281166799637528
            ],
            [
              -74.213109272,
              11.280740101637532
            ],
            [
              -74.21342722999998,
              11.28023842063754
            ],
            [
              -74.21371126499997,
              11.27971728763755
            ],
            [
              -74.21372103700003,
              11.279697800637571
            ],
            [
              -74.21402620100002,
              11.279087438637614
            ],
            [
              -74.21426532100003,
              11.2785685716376
            ],
            [
              -74.21447800800001,
              11.278015302637645
            ],
            [
              -74.21465357800002,
              11.277449487637645
            ],
            [
              -74.214791279,
              11.27687354963767
            ],
            [
              -74.214890524,
              11.276289955637711
            ],
            [
              -74.21495088500001,
              11.275701204637715
            ],
            [
              -74.214972106,
              11.275109816637702
            ],
            [
              -74.214972139,
              11.275085308637733
            ],
            [
              -74.21497208900001,
              11.273498390637743
            ],
            [
              -74.21495404500001,
              11.272931407637756
            ],
            [
              -74.21494980099999,
              11.272792124637816
            ],
            [
              -74.21494566400003,
              11.272677512637813
            ],
            [
              -74.214823663,
              11.27134389863782
            ],
            [
              -74.205565552,
              11.271360898637829
            ],
            [
              -74.20539602100001,
              11.27157624163781
            ],
            [
              -74.20538403699999,
              11.27187523363781
            ],
            [
              -74.20523873299999,
              11.27207860663783
            ],
            [
              -74.205153989,
              11.272234116637788
            ],
            [
              -74.20511773999999,
              11.272461360637811
            ],
            [
              -74.20511788800002,
              11.272796226637803
            ],
            [
              -74.20511797299997,
              11.27298757763781
            ],
            [
              -74.20499691600003,
              11.273226818637774
            ],
            [
              -74.204815257,
              11.273418248637741
            ],
            [
              -74.20458091299997,
              11.27351750063778
            ],
            [
              -74.20444239199998,
              11.273615253637757
            ],
            [
              -74.20366700599999,
              11.27373517863779
            ],
            [
              -74.20318235600001,
              11.273735384637769
            ],
            [
              -74.20223751700001,
              11.274261999637767
            ],
            [
              -74.20143792800002,
              11.274453685637752
            ],
            [
              -74.20046887000001,
              11.275028142637709
            ],
            [
              -74.199669438,
              11.275602526637691
            ],
            [
              -74.19896693300001,
              11.276176869637657
            ],
            [
              -74.19821596999998,
              11.276775148637666
            ],
            [
              -74.19787686199999,
              11.277134069637643
            ],
            [
              -74.196980429,
              11.277564972637625
            ],
            [
              -74.19664117899998,
              11.277589027637665
            ],
            [
              -74.19523568800003,
              11.27761350763764
            ],
            [
              -74.194436054,
              11.277733418637654
            ],
            [
              -74.19385458199997,
              11.278020673637636
            ],
            [
              -74.19317615900002,
              11.278260127637616
            ],
            [
              -74.19160123199998,
              11.278786954637589
            ],
            [
              -74.19051085400002,
              11.279050479637625
            ],
            [
              -74.18997772099999,
              11.279026763637578
            ],
            [
              -74.18905700900001,
              11.279385893637563
            ],
            [
              -74.18828166499998,
              11.279673211637556
            ],
            [
              -74.187918271,
              11.279936455637547
            ],
            [
              -74.18721581400001,
              11.280726040637528
            ],
            [
              -74.18682823900002,
              11.28113280563755
            ],
            [
              -74.18598032199998,
              11.281778927637511
            ],
            [
              -74.18445396200002,
              11.28266448063747
            ],
            [
              -74.18379988499998,
              11.283262689637482
            ],
            [
              -74.18326688399998,
              11.283621663637463
            ],
            [
              -74.18263681899998,
              11.283621887637478
            ],
            [
              -74.18220061,
              11.283598122637446
            ],
            [
              -74.18171582299999,
              11.283263428637458
            ],
            [
              -74.18086739400002,
              11.282522238637494
            ],
            [
              -74.18038260200001,
              11.282163623637523
            ],
            [
              -74.17997059499999,
              11.28204417163749
            ],
            [
              -74.17953431400002,
              11.281805132637489
            ],
            [
              -74.17883130899997,
              11.281111724637547
            ],
            [
              -74.17774044700002,
              11.280035743637539
            ],
            [
              -74.17711020000002,
              11.279485819637575
            ],
            [
              -74.17660120900001,
              11.279198962637595
            ],
            [
              -74.17560752899999,
              11.278816590637616
            ],
            [
              -74.17521979499998,
              11.278792799637621
            ],
            [
              -74.173668873,
              11.278745467637616
            ],
            [
              -74.17279634599998,
              11.278315208637649
            ],
            [
              -74.17204511199998,
              11.278267610637608
            ],
            [
              -74.17027606699997,
              11.278124655637615
            ],
            [
              -74.16945213499997,
              11.278077073637634
            ],
            [
              -74.168458611,
              11.278149136637644
            ],
            [
              -74.16647173000001,
              11.278843387637586
            ],
            [
              -74.16581757300003,
              11.279274124637563
            ],
            [
              -74.164848522,
              11.280159412637541
            ],
            [
              -74.16436396300003,
              11.280494419637575
            ],
            [
              -74.163782341,
              11.280398913637546
            ],
            [
              -74.16324919300001,
              11.280327310637569
            ],
            [
              -74.162958361,
              11.280207799637589
            ],
            [
              -74.16223122999997,
              11.27972963063758
            ],
            [
              -74.16157687600003,
              11.279514545637559
            ],
            [
              -74.16109223799998,
              11.279586438637596
            ],
            [
              -74.16019567199999,
              11.279778041637552
            ],
            [
              -74.15825698600003,
              11.279611143637577
            ],
            [
              -74.157626961,
              11.2797309086376
            ],
            [
              -74.15597905999999,
              11.279516078637599
            ],
            [
              -74.15493688800001,
              11.278942297637602
            ],
            [
              -74.15459769099999,
              11.279181575637574
            ],
            [
              -74.15408889999998,
              11.279564410637606
            ],
            [
              -74.15321647500002,
              11.279421120637574
            ],
            [
              -74.15285306200002,
              11.279732159637561
            ],
            [
              -74.15166575500001,
              11.28016299963758
            ],
            [
              -74.15120542,
              11.280521897637566
            ],
            [
              -74.150890517,
              11.28102427463753
            ],
            [
              -74.15050290200003,
              11.281478829637546
            ],
            [
              -74.14960647800001,
              11.282292292637509
            ],
            [
              -74.149146196,
              11.282890377637464
            ],
            [
              -74.14885892799998,
              11.28335847863748
            ],
            [
              -74.14885453300002,
              11.283365640637456
            ],
            [
              -74.14429378,
              11.283869808637455
            ],
            [
              -74.14402552500002,
              11.283948641637435
            ],
            [
              -74.14387441500003,
              11.283996138637457
            ],
            [
              -74.14386478699998,
              11.28399909463746
            ],
            [
              -74.14380566599999,
              11.284009628637463
            ],
            [
              -74.14370790200002,
              11.284048092637468
            ],
            [
              -74.14361226199998,
              11.284080952637442
            ],
            [
              -74.14348690899999,
              11.284121663637446
            ],
            [
              -74.14333980599997,
              11.284168029637431
            ],
            [
              -74.14318469099999,
              11.284225697637437
            ],
            [
              -74.14304445800002,
              11.284282231637443
            ],
            [
              -74.14288247500002,
              11.284345550637433
            ],
            [
              -74.14271706,
              11.284416781637429
            ],
            [
              -74.142564236,
              11.284481228637425
            ],
            [
              -74.14241484500002,
              11.284540024637444
            ],
            [
              -74.14227289500002,
              11.284595428637411
            ],
            [
              -74.142134951,
              11.284646311637434
            ],
            [
              -74.142028487,
              11.284683627637415
            ],
            [
              -74.14200559199998,
              11.284691542637429
            ],
            [
              -74.14186535800002,
              11.284744686637426
            ],
            [
              -74.14186326800001,
              11.284745418637414
            ],
            [
              -74.14174916399998,
              11.284785394637392
            ],
            [
              -74.14171317,
              11.284797412637397
            ],
            [
              -74.141627245,
              11.284826103637407
            ],
            [
              -74.14157235300002,
              11.284854714637413
            ],
            [
              -74.141426368,
              11.284908922637412
            ],
            [
              -74.13942838000003,
              11.285650809637385
            ],
            [
              -74.137800072,
              11.286255427637384
            ],
            [
              -74.13779983500001,
              11.286254367637392
            ],
            [
              -74.13759117199999,
              11.286349474637383
            ],
            [
              -74.13748002699998,
              11.286416098637382
            ],
            [
              -74.13741155899999,
              11.286440212637366
            ],
            [
              -74.13735553999999,
              11.286459943637368
            ],
            [
              -74.13721359200002,
              11.286534555637362
            ],
            [
              -74.13712262600001,
              11.286602698637385
            ],
            [
              -74.137070736,
              11.286612610637373
            ],
            [
              -74.13691882400002,
              11.286700731637353
            ],
            [
              -74.13678947,
              11.286773080637339
            ],
            [
              -74.136638361,
              11.286840914637386
            ],
            [
              -74.13657598399999,
              11.286860037637352
            ],
            [
              -74.136473851,
              11.286871689637358
            ],
            [
              -74.13641885200002,
              11.286856191637375
            ],
            [
              -74.13638348900002,
              11.286817425637386
            ],
            [
              -74.136352036,
              11.28668560463736
            ],
            [
              -74.13633237099998,
              11.286569289637358
            ],
            [
              -74.136285208,
              11.286456857637383
            ],
            [
              -74.13622627000001,
              11.286387078637377
            ],
            [
              -74.13613983900001,
              11.28634444563736
            ],
            [
              -74.13604948800003,
              11.286340585637369
            ],
            [
              -74.13595913699999,
              11.286340603637353
            ],
            [
              -74.135849146,
              11.28634837963737
            ],
            [
              -74.135756695,
              11.286337121637391
            ],
            [
              -74.135639099,
              11.286315311637377
            ],
            [
              -74.13548925100002,
              11.28642184663736
            ],
            [
              -74.13535738299998,
              11.286510627637343
            ],
            [
              -74.13503367300001,
              11.286563943637386
            ],
            [
              -74.134668003,
              11.28662910063738
            ],
            [
              -74.13429635199998,
              11.28677117963738
            ],
            [
              -74.13417048100001,
              11.286871792637342
            ],
            [
              -74.13403261799999,
              11.286966490637347
            ],
            [
              -74.13391873199998,
              11.287043432637367
            ],
            [
              -74.13378685499998,
              11.28709079363735
            ],
            [
              -74.13351109799999,
              11.287114513637345
            ],
            [
              -74.13328083200003,
              11.287173041637352
            ],
            [
              -74.13312916799998,
              11.287252172637357
            ],
            [
              -74.13293912900002,
              11.28732226963735
            ],
            [
              -74.13277771100002,
              11.287385581637354
            ],
            [
              -74.13261171300002,
              11.287448893637364
            ],
            [
              -74.132525859,
              11.28751671063736
            ],
            [
              -74.13241080199998,
              11.287542722637337
            ],
            [
              -74.13231521,
              11.287575511637327
            ],
            [
              -74.13215950699998,
              11.287593620637324
            ],
            [
              -74.13211543,
              11.287598148637358
            ],
            [
              -74.13205246500002,
              11.287623020637337
            ],
            [
              -74.13188019199998,
              11.287800466637341
            ],
            [
              -74.13173251900002,
              11.287898806637306
            ],
            [
              -74.13159228699999,
              11.28799827363734
            ],
            [
              -74.13142114700003,
              11.288114697637335
            ],
            [
              -74.13136104799997,
              11.288158779637318
            ],
            [
              -74.13124772100002,
              11.288254852637326
            ],
            [
              -74.13110749700002,
              11.288392741637303
            ],
            [
              -74.130959835,
              11.288555491637307
            ],
            [
              -74.13087751699999,
              11.288609157637293
            ],
            [
              -74.13083861000001,
              11.288634522637292
            ],
            [
              -74.13078125200002,
              11.288671916637293
            ],
            [
              -74.13062041199998,
              11.288771387637285
            ],
            [
              -74.13048017800003,
              11.288858424637294
            ],
            [
              -74.13036283899999,
              11.288931897637282
            ],
            [
              -74.13021916600002,
              11.288995204637287
            ],
            [
              -74.13009954699999,
              11.289122918637313
            ],
            [
              -74.12993985999998,
              11.289274370637257
            ],
            [
              -74.12975556200001,
              11.289442777637305
            ],
            [
              -74.12958843400003,
              11.28960101063728
            ],
            [
              -74.129376649,
              11.28972196063727
            ],
            [
              -74.12925014400003,
              11.28975927363728
            ],
            [
              -74.12907842499999,
              11.2898508356373
            ],
            [
              -74.12889926100002,
              11.289928838637291
            ],
            [
              -74.12870235100002,
              11.290003453637246
            ],
            [
              -74.12860160600002,
              11.290041892637278
            ],
            [
              -74.12849628100003,
              11.290078071637232
            ],
            [
              -74.128325126,
              11.290127821637245
            ],
            [
              -74.12818603,
              11.290183216637251
            ],
            [
              -74.12817400900002,
              11.290187738637224
            ],
            [
              -74.12803149500002,
              11.290338056637243
            ],
            [
              -74.127944243,
              11.290475442637234
            ],
            [
              -74.12790158400003,
              11.29054261363725
            ],
            [
              -74.12783348300002,
              11.290664667637223
            ],
            [
              -74.12776939100002,
              11.290796891637243
            ],
            [
              -74.12770472599999,
              11.29092459563727
            ],
            [
              -74.12765093799999,
              11.291056818637239
            ],
            [
              -74.127600583,
              11.291177739637254
            ],
            [
              -74.127538201,
              11.291268152637201
            ],
            [
              -74.12743977000002,
              11.29144445263722
            ],
            [
              -74.12727836599998,
              11.29161172363722
            ],
            [
              -74.12707974400001,
              11.29172814963719
            ],
            [
              -74.126898289,
              11.291806151637196
            ],
            [
              -74.12672942900002,
              11.291895451637208
            ],
            [
              -74.12651762899998,
              11.291944078637224
            ],
            [
              -74.12620450700001,
              11.29201080163719
            ],
            [
              -74.12602876699998,
              11.292036820637207
            ],
            [
              -74.12594462200002,
              11.292074125637187
            ],
            [
              -74.12586448399998,
              11.292108039637213
            ],
            [
              -74.12577167500001,
              11.29214462563718
            ],
            [
              -74.125657268,
              11.292190564637194
            ],
            [
              -74.12554106900001,
              11.292247085637175
            ],
            [
              -74.12542486900003,
              11.292303605637219
            ],
            [
              -74.12529207300003,
              11.292382728637186
            ],
            [
              -74.12514439099999,
              11.2924562036372
            ],
            [
              -74.12504078,
              11.2924799516372
            ],
            [
              -74.124822107,
              11.29251501663721
            ],
            [
              -74.12465666899999,
              11.292529733637215
            ],
            [
              -74.124520427,
              11.29254444563721
            ],
            [
              -74.12440021499998,
              11.292572715637183
            ],
            [
              -74.124116292,
              11.292673332637161
            ],
            [
              -74.12390671999998,
              11.292737015637167
            ],
            [
              -74.12342205300001,
              11.292832766637172
            ],
            [
              -74.123010088,
              11.292928505637185
            ],
            [
              -74.12264658800001,
              11.29300031863716
            ],
            [
              -74.12255492899999,
              11.293043601637185
            ],
            [
              -74.12247017800001,
              11.29318485363717
            ],
            [
              -74.12243210700001,
              11.29343231763714
            ],
            [
              -74.12236804000003,
              11.293933198637118
            ],
            [
              -74.12222267200002,
              11.294172410637112
            ],
            [
              -74.12204095999999,
              11.294459464637118
            ],
            [
              -74.12188245099998,
              11.294605525637119
            ],
            [
              -74.121859229,
              11.294626924637107
            ],
            [
              -74.121604789,
              11.29475851663711
            ],
            [
              -74.12121707300003,
              11.294973844637127
            ],
            [
              -74.12090204700002,
              11.2951054446371
            ],
            [
              -74.12061127300001,
              11.295356636637093
            ],
            [
              -74.120199318,
              11.295548047637096
            ],
            [
              -74.11972676900001,
              11.295691628637064
            ],
            [
              -74.119536074,
              11.295759377637102
            ],
            [
              -74.11905035000001,
              11.295931942637111
            ],
            [
              -74.11909866399998,
              11.294855583637124
            ],
            [
              -74.11897744100003,
              11.294496816637105
            ],
            [
              -74.11854113599998,
              11.293874984637144
            ],
            [
              -74.11825028300001,
              11.293564078637178
            ],
            [
              -74.11742617200002,
              11.29248783963717
            ],
            [
              -74.116723331,
              11.2921052296372
            ],
            [
              -74.11514813999997,
              11.292272866637207
            ],
            [
              -74.11371833300001,
              11.292296962637208
            ],
            [
              -74.11199773200002,
              11.292440682637185
            ],
            [
              -74.11102836399999,
              11.292392955637204
            ],
            [
              -74.11027708099999,
              11.292153849637181
            ],
            [
              -74.10940460199998,
              11.291675565637195
            ],
            [
              -74.10802321699998,
              11.291245171637227
            ],
            [
              -74.106908423,
              11.290934336637244
            ],
            [
              -74.10630256600001,
              11.290862639637234
            ],
            [
              -74.10390342300002,
              11.291054214637208
            ],
            [
              -74.10167387799999,
              11.290815215637233
            ],
            [
              -74.10031672500003,
              11.290145592637238
            ],
            [
              -74.09934733699998,
              11.289715124637262
            ],
            [
              -74.09876566999998,
              11.288973679637321
            ],
            [
              -74.09829912100003,
              11.288303981637313
            ],
            [
              -74.09772350399999,
              11.287347263637352
            ],
            [
              -74.096805679,
              11.286579015637386
            ],
            [
              -74.09620467000002,
              11.286330297637372
            ],
            [
              -74.09560365099998,
              11.285909360637383
            ],
            [
              -74.09486694499998,
              11.28579459463742
            ],
            [
              -74.09414962099999,
              11.285584148637383
            ],
            [
              -74.09323843700002,
              11.28552679263737
            ],
            [
              -74.092385428,
              11.28571818863741
            ],
            [
              -74.091028371,
              11.286139227637408
            ],
            [
              -74.08943866700002,
              11.286579403637376
            ],
            [
              -74.08860503199998,
              11.286579436637364
            ],
            [
              -74.08755813200003,
              11.286311581637369
            ],
            [
              -74.08664694499998,
              11.286158528637351
            ],
            [
              -74.08618167100002,
              11.286522111637364
            ],
            [
              -74.084514426,
              11.287555454637353
            ],
            [
              -74.08292470700002,
              11.288072136637293
            ],
            [
              -74.082071686,
              11.288435719637308
            ],
            [
              -74.08102479399997,
              11.288933247637274
            ],
            [
              -74.08028808900002,
              11.289105471637303
            ],
            [
              -74.079299349,
              11.288990668637288
            ],
            [
              -74.07921095699999,
              11.288885751637295
            ],
            [
              -74.078578602,
              11.288573796637337
            ],
            [
              -74.07806363399999,
              11.288484102637282
            ],
            [
              -74.07445887099999,
              11.287856214637312
            ],
            [
              -74.07297457200002,
              11.286899437637333
            ],
            [
              -74.07067240200001,
              11.28588283763741
            ],
            [
              -74.068582274,
              11.285464200637426
            ],
            [
              -74.06788556599997,
              11.28528478663743
            ],
            [
              -74.06591665100001,
              11.283909376637437
            ],
            [
              -74.06506850199997,
              11.283490760637456
            ],
            [
              -74.06432696299998,
              11.28345365363749
            ],
            [
              -74.06274208100001,
              11.283884119637436
            ],
            [
              -74.06226223499999,
              11.28435769063746
            ],
            [
              -74.06204409999998,
              11.285017843637393
            ],
            [
              -74.06188413199999,
              11.285520132637377
            ],
            [
              -74.06118615700001,
              11.286409880637368
            ],
            [
              -74.06031371400002,
              11.286983885637328
            ],
            [
              -74.05901957999998,
              11.287887944637351
            ],
            [
              -74.05781264699999,
              11.28929430063727
            ],
            [
              -74.05776898800002,
              11.289854000637241
            ],
            [
              -74.05756538700001,
              11.290370637637267
            ],
            [
              -74.05672201300001,
              11.29084417463726
            ],
            [
              -74.05520975399997,
              11.291633389637228
            ],
            [
              -74.05417736300001,
              11.291905985637221
            ],
            [
              -74.05180725100001,
              11.292178466637184
            ],
            [
              -74.05076033199998,
              11.2922501306372
            ],
            [
              -74.05014966800002,
              11.29189129063722
            ],
            [
              -74.04948086500002,
              11.291317173637252
            ],
            [
              -74.04866665200001,
              11.290829148637226
            ],
            [
              -74.04777976600002,
              11.290082790637237
            ],
            [
              -74.047256361,
              11.289637844637289
            ],
            [
              -74.04677654300002,
              11.289522984637298
            ],
            [
              -74.04603498400002,
              11.28955160963727
            ],
            [
              -74.04522072200001,
              11.289594575637292
            ],
            [
              -74.04434826599999,
              11.289924561637276
            ],
            [
              -74.04337399500002,
              11.290512856637257
            ],
            [
              -74.04255967300003,
              11.291029410637242
            ],
            [
              -74.04158543199998,
              11.291316321637227
            ],
            [
              -74.04098929700001,
              11.291158383637255
            ],
            [
              -74.03979700399998,
              11.291014720637246
            ],
            [
              -74.03912817399998,
              11.29081371663723
            ],
            [
              -74.038590215,
              11.290555321637237
            ],
            [
              -74.037383358,
              11.29061256563724
            ],
            [
              -74.035100522,
              11.290612248637236
            ],
            [
              -74.03431537300003,
              11.290411216637237
            ],
            [
              -74.03338472799999,
              11.290827268637214
            ],
            [
              -74.03312290399998,
              11.291458689637237
            ],
            [
              -74.03230859299998,
              11.29177429663723
            ],
            [
              -74.03201770999999,
              11.292247846637194
            ],
            [
              -74.03172679199997,
              11.292936666637168
            ],
            [
              -74.031552224,
              11.29345328863717
            ],
            [
              -74.031421298,
              11.29384075563716
            ],
            [
              -74.03121769400002,
              11.29407034563715
            ],
            [
              -74.030490649,
              11.294185042637167
            ],
            [
              -74.02985087799999,
              11.294113183637162
            ],
            [
              -74.029269177,
              11.294586684637135
            ],
            [
              -74.02813497,
              11.294844821637126
            ],
            [
              -74.02657194099999,
              11.294378138637136
            ],
            [
              -74.02493614399998,
              11.294306095637147
            ],
            [
              -74.024172733,
              11.29448535163711
            ],
            [
              -74.02293682700002,
              11.294269855637156
            ],
            [
              -74.02191903800002,
              11.294018517637113
            ],
            [
              -74.021192095,
              11.293587839637135
            ],
            [
              -74.02079231599998,
              11.293157222637147
            ],
            [
              -74.02006537800003,
              11.292726541637213
            ],
            [
              -74.01955645499999,
              11.292762321637163
            ],
            [
              -74.01875651,
              11.293838515637143
            ],
            [
              -74.01795648000001,
              11.295309370637078
            ],
            [
              -74.01595689700002,
              11.29649294863709
            ],
            [
              -74.014975107,
              11.29785612163701
            ],
            [
              -74.01457497199999,
              11.299075902637005
            ],
            [
              -74.014283708,
              11.301120907636905
            ],
            [
              -74.011992787,
              11.304349463636818
            ],
            [
              -74.01130182499998,
              11.30549741763681
            ],
            [
              -74.01101060500002,
              11.307219512636745
            ],
            [
              -74.01131977799997,
              11.308899927636705
            ],
            [
              -74.01121539399998,
              11.309157311636705
            ],
            [
              -74.01032338599998,
              11.309769434636689
            ],
            [
              -74.00956711499998,
              11.310285910636642
            ],
            [
              -74.00764743600001,
              11.31120394963661
            ],
            [
              -74.006813604,
              11.311720399636616
            ],
            [
              -74.00664655700001,
              11.31166382963659
            ],
            [
              -74.00637744300002,
              11.311783271636612
            ],
            [
              -74.00587336000001,
              11.311706609636591
            ],
            [
              -74.00414798399999,
              11.310902511636609
            ],
            [
              -74.00312052200002,
              11.310404742636639
            ],
            [
              -74.00195742,
              11.309619907636668
            ],
            [
              -74.00143393399998,
              11.309619773636662
            ],
            [
              -74.00052263200001,
              11.309791754636656
            ],
            [
              -73.999475523,
              11.310288993636663
            ],
            [
              -73.999263219,
              11.310442562636627
            ],
            [
              -73.99836461500001,
              11.310698508636655
            ],
            [
              -73.99625611900001,
              11.310697937636608
            ],
            [
              -73.99440209599999,
              11.310697422636657
            ],
            [
              -73.99327520399999,
              11.31048183463666
            ],
            [
              -73.99149401800003,
              11.310050782636663
            ],
            [
              -73.99014914100002,
              11.309404577636666
            ],
            [
              -73.98934962200002,
              11.3085791396367
            ],
            [
              -73.988695554,
              11.307646107636694
            ],
            [
              -73.988586871,
              11.30642621063674
            ],
            [
              -73.988550707,
              11.305816267636782
            ],
            [
              -73.98812514299999,
              11.305396001636801
            ],
            [
              -73.98747571400003,
              11.305042564636814
            ],
            [
              -73.98679720899997,
              11.304793601636833
            ],
            [
              -73.985640521,
              11.304402244636828
            ],
            [
              -73.98522691900001,
              11.304041276636848
            ],
            [
              -73.98484894400002,
              11.303754131636838
            ],
            [
              -73.98451456200002,
              11.30356745963686
            ],
            [
              -73.984209303,
              11.303251633636847
            ],
            [
              -73.984238501,
              11.302892859636856
            ],
            [
              -73.98432585799998,
              11.30254845463691
            ],
            [
              -73.98455864699997,
              11.302132339636909
            ],
            [
              -73.98496595900002,
              11.301615818636918
            ],
            [
              -73.98532974199998,
              11.300797905636946
            ],
            [
              -73.98544624300001,
              11.30025259063695
            ],
            [
              -73.985475517,
              11.299649842636967
            ],
            [
              -73.984443699,
              11.297855602637046
            ],
            [
              -73.98374607199997,
              11.296850788637075
            ],
            [
              -73.98322274399999,
              11.296434433637064
            ],
            [
              -73.98306288600003,
              11.296161707637081
            ],
            [
              -73.982975812,
              11.295645031637077
            ],
            [
              -73.98301963099999,
              11.295042288637097
            ],
            [
              -73.982990648,
              11.294740901637114
            ],
            [
              -73.98283075400002,
              11.294582985637147
            ],
            [
              -73.98266192099999,
              11.294524602637138
            ],
            [
              -73.98248412700002,
              11.294524545637117
            ],
            [
              -73.98226168299999,
              11.29446958263715
            ],
            [
              -73.97972698199999,
              11.294976318637111
            ],
            [
              -73.97783675099998,
              11.294856094637115
            ],
            [
              -73.975558766,
              11.29475964363713
            ],
            [
              -73.97427435999998,
              11.294735280637106
            ],
            [
              -73.97274768099999,
              11.294519474637143
            ],
            [
              -73.97049389900002,
              11.294518668637137
            ],
            [
              -73.96966999900002,
              11.294350938637159
            ],
            [
              -73.968579514,
              11.294207025637121
            ],
            [
              -73.966834818,
              11.293775839637176
            ],
            [
              -73.96465386599999,
              11.293464071637167
            ],
            [
              -73.96341795400002,
              11.293391841637165
            ],
            [
              -73.96193977899998,
              11.293128161637181
            ],
            [
              -73.960582795,
              11.292816683637179
            ],
            [
              -73.95968336499999,
              11.292830116637171
            ],
            [
              -73.95847454099999,
              11.292552736637177
            ],
            [
              -73.95744488100001,
              11.2917243056372
            ],
            [
              -73.957093859,
              11.290973531637245
            ],
            [
              -73.955486371,
              11.290403750637237
            ],
            [
              -73.953943901,
              11.289919804637272
            ],
            [
              -73.95314933600002,
              11.288862753637273
            ],
            [
              -73.95267088899999,
              11.287561090637329
            ],
            [
              -73.95209203299999,
              11.287265600637346
            ],
            [
              -73.951047421,
              11.286786377637348
            ],
            [
              -73.95083273300003,
              11.286716566637352
            ],
            [
              -73.94949612800002,
              11.28699871363735
            ],
            [
              -73.94852669099998,
              11.28720877963736
            ],
            [
              -73.94666579199998,
              11.287367517637344
            ],
            [
              -73.94515011599998,
              11.287496798637335
            ],
            [
              -73.94318109900001,
              11.287294913637313
            ],
            [
              -73.94218229,
              11.287294459637344
            ],
            [
              -73.94058347200001,
              11.287148051637372
            ],
            [
              -73.93986716699999,
              11.28687077263734
            ],
            [
              -73.93917712299998,
              11.286609031637365
            ],
            [
              -73.93774944699999,
              11.286466264637365
            ],
            [
              -73.93703560900002,
              11.286394880637353
            ],
            [
              -73.935964851,
              11.28613313963738
            ],
            [
              -73.93536998600001,
              11.285966577637387
            ],
            [
              -73.93458476400002,
              11.285443095637394
            ],
            [
              -73.93375195200002,
              11.284848230637428
            ],
            [
              -73.93334744399999,
              11.284515106637434
            ],
            [
              -73.93251463299998,
              11.28415818763744
            ],
            [
              -73.93182458899997,
              11.283848857637455
            ],
            [
              -73.93132192799999,
              11.283527629637442
            ],
            [
              -73.93087000000003,
              11.28325333363746
            ],
            [
              -73.93059499999998,
              11.283286666637498
            ],
            [
              -73.93048333299998,
              11.283336666637474
            ],
            [
              -73.930206667,
              11.283294999637478
            ],
            [
              -73.92984999999999,
              11.283418333637439
            ],
            [
              -73.92888298000003,
              11.283503835637482
            ],
            [
              -73.92830001200002,
              11.283587116637484
            ],
            [
              -73.92784791499997,
              11.283610911637432
            ],
            [
              -73.92732443300002,
              11.28353952763746
            ],
            [
              -73.92681284899999,
              11.283361067637442
            ],
            [
              -73.926466667,
              11.283116666637468
            ],
            [
              -73.92576588600002,
              11.282635331637472
            ],
            [
              -73.92539706999997,
              11.282385488637471
            ],
            [
              -73.92501635600001,
              11.282111850637529
            ],
            [
              -73.92459995000002,
              11.281921493637531
            ],
            [
              -73.92437390200001,
              11.281814417637522
            ],
            [
              -73.92395749600001,
              11.281659752637506
            ],
            [
              -73.92317166700002,
              11.281598333637541
            ],
            [
              -73.92192127700002,
              11.281675769637511
            ],
            [
              -73.921548659,
              11.281655068637534
            ],
            [
              -73.92098353699998,
              11.281744298637538
            ],
            [
              -73.92012098200001,
              11.281684812637543
            ],
            [
              -73.91920864500003,
              11.28183686963752
            ],
            [
              -73.91894962399999,
              11.281944732637495
            ],
            [
              -73.91783492100001,
              11.28190825563752
            ],
            [
              -73.917659561,
              11.281859334637492
            ],
            [
              -73.917362449,
              11.281776447637533
            ],
            [
              -73.916508179,
              11.281740665637532
            ],
            [
              -73.91602106599998,
              11.281790629637507
            ],
            [
              -73.91539585200002,
              11.281790289637522
            ]
          ]
        ]
      },
      "properties": {
        "objectid": 30,
        "ap_nombre": "Tayrona",
        "ap_categoria": "Parque Nacional Natural",
        "territorial": "Direccion Territorial Caribe",
        "resolucion_vigente": "0292 DE 18/08/1969",
        "area_resolucion_ha": 15000,
        "area_calculada_ha": 19284.97140937,
        "escala": "1:25000",
        "globalid": "{C5AF7AE0-642B-4F5B-9B05-E92EF76B9986}",
        "ap_sigla": "pTAY",
        "ap_id": 25,
        "actualizacion_fecha": 1626307200000,
        "ap_perimetro_km": 94.64060562
      }
    }
  ]
}
